soc_code,typical_education,typical_experience,typical_training,growth_pct,openings_k,median_wage,current_emp_k,proj_emp_k
11-1000,,,,4.4,,,4049.9000000000005,4228.1
11-1011,Bachelor's degree,5 years or more,No on-the-job training,4.3,22.2,206420.0,309.4,322.7
11-1021,Bachelor's degree,5 years or more,No on-the-job training,4.4,308.7,102950.0,3712.8,3876.8
11-1031,Bachelor's degree,Less than 5 years,No on-the-job training,3.4,2.2,44810.0,27.700000000000003,28.6
11-2000,,,,5.2,,,1182.3,1243.5
11-2011,Bachelor's degree,Less than 5 years,No on-the-job training,-2.2,2.1,126960.0,27.0,26.4
11-2020,,,,5.4,,,1026.5,1082.2
11-2021,Bachelor's degree,5 years or more,No on-the-job training,6.6,34.3,161030.0,407.0,433.7
11-2022,Bachelor's degree,Less than 5 years,No on-the-job training,4.7,49.0,138060.0,619.5,648.5
11-2030,,,,4.7,,,128.8,134.9
11-2032,Bachelor's degree,5 years or more,No on-the-job training,5.0,6.6,138520.0,83.2,87.3
11-2033,Bachelor's degree,5 years or more,No on-the-job training,4.2,3.6,123480.0,45.7,47.6
11-3000,,,,10.1,,,2789.6000000000004,3072.3
11-3010,,,,4.3,,,422.59999999999997,440.9
11-3012,Bachelor's degree,Less than 5 years,No on-the-job training,4.6,23.2,108390.0,271.2,283.8
11-3013,Bachelor's degree,Less than 5 years,No on-the-job training,3.8,13.2,104690.0,151.4,157.1
11-3021,Bachelor's degree,5 years or more,No on-the-job training,15.2,55.6,171200.0,667.1,768.7
11-3031,Bachelor's degree,5 years or more,No on-the-job training,14.8,74.6,161700.0,868.5999999999999,997.4
11-3051,Bachelor's degree,5 years or more,No on-the-job training,1.9,17.1,121440.0,241.9,246.5
11-3061,Bachelor's degree,5 years or more,No on-the-job training,3.1,6.4,139510.0,83.5,86.1
11-3071,High school diploma or equivalent,5 years or more,No on-the-job training,6.1,18.5,102010.0,216.70000000000002,229.8
11-3111,Bachelor's degree,5 years or more,No on-the-job training,0.2,1.5,140360.0,20.9,20.9
11-3121,Bachelor's degree,5 years or more,No on-the-job training,5.0,17.9,140030.0,221.9,233.0
11-3131,Bachelor's degree,5 years or more,No on-the-job training,5.8,3.8,127090.0,46.5,49.2
11-9000,,,,5.6,,,5585.8,5897.1
11-9013,High school diploma or equivalent,5 years or more,No on-the-job training,-1.3,85.5,87980.0,836.1,825.0
11-9021,Bachelor's degree,No experience required,Moderate-term on-the-job training,8.7,46.8,106980.0,550.3,598.4
11-9030,,,,-0.3,,,710.2,708.2
11-9031,Bachelor's degree,Less than 5 years,No on-the-job training,-2.5,5.5,56270.0,90.2,87.9
11-9032,Master's degree,5 years or more,No on-the-job training,-1.5,20.8,104070.0,333.20000000000005,328.1
11-9033,Master's degree,Less than 5 years,No on-the-job training,1.7,15.1,103960.0,226.5,230.5
11-9039,Bachelor's degree,Less than 5 years,No on-the-job training,2.5,4.1,89040.0,60.2,61.7
11-9041,Bachelor's degree,5 years or more,No on-the-job training,3.8,14.5,167740.0,212.5,220.5
11-9051,High school diploma or equivalent,Less than 5 years,Short-term on-the-job training,6.4,42.0,65310.0,352.7,375.3
11-9070,,,,7.0,,,48.300000000000004,51.7
11-9071,High school diploma or equivalent,Less than 5 years,No on-the-job training,1.2,0.6,85580.0,5.1000000000000005,5.2
11-9072,Bachelor's degree,Less than 5 years,No on-the-job training,7.7,5.5,77180.0,43.2,46.5
11-9081,High school diploma or equivalent,Less than 5 years,No on-the-job training,3.4,5.4,68130.0,52.0,53.8
11-9111,Bachelor's degree,Less than 5 years,No on-the-job training,23.2,62.1,117960.0,616.2,759.1
11-9121,Bachelor's degree,5 years or more,No on-the-job training,3.7,8.5,161180.0,104.3,108.2
11-9131,High school diploma or equivalent,Less than 5 years,Moderate-term on-the-job training,-3.5,0.9,92730.0,13.2,12.7
11-9141,High school diploma or equivalent,Less than 5 years,Short-term on-the-job training,3.6,39.0,66700.0,466.1,483.1
11-9151,Bachelor's degree,Less than 5 years,No on-the-job training,6.4,18.6,78240.0,219.8,233.9
11-9161,Bachelor's degree,5 years or more,No on-the-job training,3.0,1.0,86130.0,13.2,13.6
11-9170,,,,5.2,,,57.1,60.1
11-9171,Associate's degree,Less than 5 years,No on-the-job training,4.1,2.6,76830.0,32.1,33.4
11-9179,High school diploma or equivalent,Less than 5 years,No on-the-job training,6.5,2.1,61340.0,25.099999999999998,26.7
11-9199,Bachelor's degree,Less than 5 years,No on-the-job training,4.5,106.7,136550.0,1333.7,1393.5
13-1000,,,,5.5,,,7921.099999999999,8356.3
13-1011,Bachelor's degree,Less than 5 years,No on-the-job training,8.7,2.2,96310.0,21.3,23.2
13-1020,Bachelor's degree,No experience required,Moderate-term on-the-job training,5.8,52.2,75650.0,522.1999999999999,552.3
13-1030,,,,-5.2,,,365.2,346.3
13-1031,High school diploma or equivalent,No experience required,Long-term on-the-job training,-5.1,21.1,76790.0,356.09999999999997,337.9
13-1032,Postsecondary nondegree award,No experience required,Moderate-term on-the-job training,-8.2,0.5,76650.0,9.200000000000001,8.4
13-1041,Bachelor's degree,No experience required,Moderate-term on-the-job training,3.0,33.3,78420.0,418.0,430.3
13-1051,Bachelor's degree,No experience required,Moderate-term on-the-job training,-4.2,16.9,77070.0,221.4,212.1
13-1070,,,,5.8,,,1013.6999999999999,1072.3
13-1071,Bachelor's degree,No experience required,No on-the-job training,6.2,81.8,72910.0,944.3000000000001,1002.7
13-1074,No formal educational credential,Less than 5 years,Short-term on-the-job training,6.0,0.3,48690.0,4.0,4.2
13-1075,Bachelor's degree,Less than 5 years,No on-the-job training,-0.1,5.1,93500.0,65.5,65.4
13-1080,,,,7.7,,,1287.2,1386.2
13-1081,Bachelor's degree,No experience required,No on-the-job training,16.7,26.4,80880.0,241.0,281.3
13-1082,Bachelor's degree,No experience required,No on-the-job training,5.6,78.2,100750.0,1046.3,1105.0
13-1111,Bachelor's degree,Less than 5 years,No on-the-job training,8.8,98.1,101190.0,1075.2,1169.7
13-1121,Bachelor's degree,No experience required,No on-the-job training,4.8,15.5,59440.0,155.8,163.3
13-1131,Bachelor's degree,No experience required,No on-the-job training,4.3,10.2,66490.0,134.39999999999998,140.2
13-1141,Bachelor's degree,Less than 5 years,No on-the-job training,5.3,8.5,77020.0,107.10000000000001,112.7
13-1151,Bachelor's degree,Less than 5 years,No on-the-job training,10.8,43.9,65850.0,452.3,501.0
13-1161,Bachelor's degree,No experience required,No on-the-job training,6.7,87.2,76950.0,941.7,1004.7
13-1199,Bachelor's degree,No experience required,No on-the-job training,3.0,108.2,81270.0,1205.7,1242.0
13-2000,,,,4.5,,,3340.9,3492.6
13-2011,Bachelor's degree,No experience required,No on-the-job training,4.6,124.2,81680.0,1579.8,1652.6
13-2020,Bachelor's degree,No experience required,Long-term on-the-job training,3.8,6.3,65420.0,77.3,80.2
13-2031,Bachelor's degree,No experience required,No on-the-job training,1.0,3.1,87930.0,50.5,51.0
13-2041,Bachelor's degree,No experience required,No on-the-job training,-4.4,3.7,80970.0,67.8,64.8
13-2050,,,,6.0,,,881.9,934.9
13-2051,Bachelor's degree,No experience required,No on-the-job training,5.7,25.1,101350.0,368.5,389.6
13-2052,Bachelor's degree,No experience required,Long-term on-the-job training,9.6,24.1,102140.0,326.0,357.2
13-2053,Bachelor's degree,No experience required,Moderate-term on-the-job training,-2.6,8.2,79880.0,127.0,123.7
13-2054,Bachelor's degree,No experience required,No on-the-job training,6.5,4.8,106000.0,60.50000000000001,64.4
13-2061,Bachelor's degree,No experience required,Long-term on-the-job training,18.5,5.7,90400.0,65.10000000000001,77.2
13-2070,,,,1.8,,,333.2,339.3
13-2071,Bachelor's degree,No experience required,Moderate-term on-the-job training,3.3,2.2,50480.0,31.799999999999997,32.9
13-2072,Bachelor's degree,Less than 5 years,Moderate-term on-the-job training,1.7,20.3,74180.0,301.5,306.5
13-2080,,,,2.1,,,148.2,151.2
13-2081,Bachelor's degree,No experience required,Moderate-term on-the-job training,-1.8,4.3,59740.0,57.5,56.5
13-2082,High school diploma or equivalent,No experience required,Moderate-term on-the-job training,4.5,10.4,50560.0,90.60000000000001,94.7
13-2099,Bachelor's degree,No experience required,No on-the-job training,3.1,10.3,80190.0,137.1,141.4
15-1200,,,,8.6,,,4985.599999999999,5414.4
15-1210,,,,13.9,,,703.8,801.4
15-1211,Bachelor's degree,No experience required,No on-the-job training,8.7,34.2,103790.0,521.0,566.5
15-1212,Bachelor's degree,Less than 5 years,No on-the-job training,28.5,16.0,124910.0,182.8,234.9
15-1221,Master's degree,No experience required,No on-the-job training,19.7,3.2,140910.0,40.4,48.3
15-1230,,,,-2.7,,,882.2,858.0
15-1231,Associate's degree,No experience required,Moderate-term on-the-job training,1.8,9.6,73340.0,152.7,155.5
15-1232,"Some college, no degree",No experience required,Moderate-term on-the-job training,-3.7,40.8,60340.0,729.5,702.5
15-1240,,,,2.0,,,655.5,668.4
15-1241,Bachelor's degree,5 years or more,No on-the-job training,11.9,11.2,130390.0,179.2,200.6
15-1242,Bachelor's degree,No experience required,No on-the-job training,-0.7,3.8,104620.0,78.0,77.5
15-1243,Bachelor's degree,Less than 5 years,No on-the-job training,8.7,4.0,135980.0,66.9,72.7
15-1244,Bachelor's degree,No experience required,No on-the-job training,-4.2,14.3,96800.0,331.5,317.7
15-1250,,,,13.3,,,2231.6,2527.7
15-1251,Bachelor's degree,No experience required,No on-the-job training,-6.0,5.5,98670.0,121.10000000000001,113.9
15-1252,Bachelor's degree,No experience required,No on-the-job training,15.8,115.2,133080.0,1693.7,1961.4
15-1253,Bachelor's degree,No experience required,No on-the-job training,10.0,14.0,102610.0,201.70000000000002,221.9
15-1254,Bachelor's degree,No experience required,No on-the-job training,7.5,5.4,90930.0,86.0,92.5
15-1255,Bachelor's degree,No experience required,No on-the-job training,7.0,9.1,98090.0,128.9,137.9
15-1299,Bachelor's degree,No experience required,No on-the-job training,8.2,31.3,108970.0,472.0,510.5
15-2000,,,,27.1,,,431.09999999999997,547.9
15-2011,Bachelor's degree,No experience required,Long-term on-the-job training,21.8,2.4,125770.0,33.6,40.9
15-2021,Master's degree,No experience required,No on-the-job training,-0.7,0.1,121680.0,2.4,2.4
15-2031,Bachelor's degree,No experience required,No on-the-job training,21.5,9.6,91290.0,112.1,136.2
15-2041,Master's degree,No experience required,No on-the-job training,8.5,2.0,103300.0,32.199999999999996,34.9
15-2051,Bachelor's degree,No experience required,No on-the-job training,33.5,23.4,112590.0,245.8,328.3
15-2099,Bachelor's degree,No experience required,No on-the-job training,4.0,0.3,71490.0,5.0,5.2
17-1000,,,,4.1,,,215.0,223.9
17-1010,,,,3.8,,,145.4,151.0
17-1011,Bachelor's degree,No experience required,Internship/residency,3.9,7.8,96690.0,123.60000000000001,128.4
17-1012,Bachelor's degree,No experience required,Internship/residency,3.5,1.7,79660.0,21.8,22.6
17-1020,,,,4.8,,,69.60000000000001,72.9
17-1021,Bachelor's degree,No experience required,No on-the-job training,6.4,1.0,78380.0,13.4,14.3
17-1022,Bachelor's degree,No experience required,Internship/residency,4.4,3.9,72740.0,56.1,58.6
17-2000,,,,6.9,,,1790.3,1913.3
17-2011,Bachelor's degree,No experience required,No on-the-job training,6.1,4.5,134830.0,71.5,75.9
17-2021,Bachelor's degree,No experience required,No on-the-job training,5.9,0.1,84630.0,1.7,1.8
17-2031,Bachelor's degree,No experience required,No on-the-job training,5.2,1.3,106950.0,22.2,23.3
17-2041,Bachelor's degree,No experience required,No on-the-job training,2.6,1.1,121860.0,21.5,22.1
17-2051,Bachelor's degree,No experience required,No on-the-job training,5.0,23.6,99590.0,369.0,387.5
17-2061,Bachelor's degree,No experience required,No on-the-job training,7.3,4.7,155020.0,76.80000000000001,82.4
17-2070,,,,6.9,,,287.90000000000003,307.6
17-2071,Bachelor's degree,No experience required,No on-the-job training,7.2,11.7,111910.0,191.89999999999998,205.7
17-2072,Bachelor's degree,No experience required,No on-the-job training,6.2,5.7,127590.0,95.8,101.8
17-2081,Bachelor's degree,No experience required,No on-the-job training,3.9,3.0,104170.0,39.5,41.0
17-2110,,,,10.6,,,374.9,414.5
17-2111,Bachelor's degree,No experience required,No on-the-job training,4.4,1.5,109660.0,23.799999999999997,24.9
17-2112,Bachelor's degree,No experience required,No on-the-job training,11.0,25.2,101140.0,351.1,389.6
17-2121,Bachelor's degree,No experience required,No on-the-job training,5.8,0.6,105670.0,8.5,9.0
17-2131,Bachelor's degree,No experience required,No on-the-job training,5.7,1.5,108310.0,23.0,24.3
17-2141,Bachelor's degree,No experience required,No on-the-job training,9.1,18.1,102320.0,293.1,319.6
17-2151,Bachelor's degree,No experience required,No on-the-job training,0.7,0.4,101020.0,7.0,7.0
17-2161,Bachelor's degree,No experience required,No on-the-job training,-1.1,0.8,127520.0,15.5,15.3
17-2171,Bachelor's degree,No experience required,No on-the-job training,1.3,1.2,141280.0,19.6,19.8
17-2199,Bachelor's degree,No experience required,No on-the-job training,2.1,9.3,117750.0,158.79999999999998,162.1
17-3000,,,,1.3,,,643.1,651.2
17-3010,,,,-0.3,,,192.1,191.5
17-3011,Associate's degree,No experience required,No on-the-job training,4.1,10.0,64280.0,110.5,115.1
17-3012,Associate's degree,No experience required,No on-the-job training,-5.6,1.7,73720.0,21.599999999999998,20.4
17-3013,Associate's degree,No experience required,No on-the-job training,-6.5,3.3,68510.0,42.9,40.1
17-3019,Associate's degree,No experience required,No on-the-job training,-6.9,1.3,62010.0,17.1,15.9
17-3020,,,,1.5,,,391.7,397.7
17-3021,Associate's degree,No experience required,No on-the-job training,8.1,0.9,79830.0,9.299999999999999,10.1
17-3022,Associate's degree,No experience required,No on-the-job training,2.1,5.5,64200.0,64.8,66.2
17-3023,Associate's degree,No experience required,No on-the-job training,0.6,8.4,77180.0,93.7,94.3
17-3024,Associate's degree,No experience required,No on-the-job training,1.1,1.3,70760.0,14.9,15.1
17-3025,Associate's degree,No experience required,No on-the-job training,1.2,1.1,58890.0,12.9,13.0
17-3026,Associate's degree,No experience required,No on-the-job training,1.7,6.3,64790.0,74.60000000000001,75.9
17-3027,Associate's degree,No experience required,No on-the-job training,0.0,3.2,68730.0,38.3,38.3
17-3028,Associate's degree,No experience required,No on-the-job training,4.7,1.4,65040.0,15.8,16.5
17-3029,Associate's degree,No experience required,No on-the-job training,1.5,5.7,77390.0,67.3,68.3
17-3031,High school diploma or equivalent,No experience required,Moderate-term on-the-job training,4.5,7.6,51940.0,59.4,62.1
19-1000,,,,5.9,,,404.8,428.8
19-1010,,,,5.9,,,38.7,41.0
19-1011,Bachelor's degree,No experience required,No on-the-job training,5.8,0.2,79120.0,2.6999999999999997,2.9
19-1012,Bachelor's degree,No experience required,No on-the-job training,6.5,1.2,85310.0,15.2,16.2
19-1013,Bachelor's degree,No experience required,No on-the-job training,5.4,1.7,71410.0,20.7,21.8
19-1020,,,,2.9,,,138.3,142.3
19-1021,Doctoral or professional degree,No experience required,No on-the-job training,5.8,2.9,103650.0,35.5,37.6
19-1022,Bachelor's degree,No experience required,No on-the-job training,4.1,1.7,87330.0,20.8,21.6
19-1023,Bachelor's degree,No experience required,No on-the-job training,1.6,1.4,72860.0,18.2,18.5
19-1029,Bachelor's degree,No experience required,No on-the-job training,1.2,4.8,93330.0,63.7,64.5
19-1030,,,,2.7,,,42.4,43.5
19-1031,Bachelor's degree,No experience required,No on-the-job training,3.4,2.5,67950.0,28.5,29.5
19-1032,Bachelor's degree,No experience required,No on-the-job training,1.2,1.1,70660.0,13.8,14.0
19-1040,,,,9.2,,,177.7,194.0
19-1041,Master's degree,No experience required,No on-the-job training,16.2,0.8,83980.0,12.3,14.3
19-1042,Doctoral or professional degree,No experience required,No on-the-job training,8.7,9.6,100590.0,165.29999999999998,179.6
19-1099,Bachelor's degree,No experience required,No on-the-job training,3.7,0.4,87800.0,7.8,8.1
19-2000,,,,3.8,,,284.9,295.7
19-2010,,,,3.9,,,26.4,27.4
19-2011,Doctoral or professional degree,No experience required,No on-the-job training,2.2,0.1,132170.0,1.8,1.8
19-2012,Doctoral or professional degree,No experience required,No on-the-job training,4.0,1.7,166290.0,24.6,25.6
19-2021,Bachelor's degree,No experience required,No on-the-job training,0.7,0.7,97450.0,9.4,9.5
19-2030,,,,4.9,,,95.5,100.2
19-2031,Bachelor's degree,No experience required,No on-the-job training,4.9,6.3,84150.0,86.7,91.0
19-2032,Bachelor's degree,No experience required,No on-the-job training,4.9,0.6,104160.0,8.7,9.1
19-2040,,,,4.0,,,121.7,126.5
19-2041,Bachelor's degree,No experience required,No on-the-job training,4.4,8.5,80060.0,90.3,94.3
19-2042,Bachelor's degree,No experience required,No on-the-job training,3.2,2.0,99240.0,25.2,26.0
19-2043,Bachelor's degree,No experience required,No on-the-job training,-0.1,0.5,92060.0,6.3,6.3
19-2099,Bachelor's degree,No experience required,No on-the-job training,0.6,2.0,117960.0,31.900000000000002,32.1
19-3000,,,,3.7,,,339.9,352.5
19-3011,Master's degree,No experience required,No on-the-job training,1.2,0.9,115440.0,17.6,17.8
19-3022,Master's degree,No experience required,No on-the-job training,-5.2,0.7,63380.0,8.8,8.3
19-3030,,,,5.8,,,204.2,216.0
19-3032,Master's degree,No experience required,Internship/residency,6.3,0.4,109840.0,5.6000000000000005,5.9
19-3033,Doctoral or professional degree,No experience required,Internship/residency,11.2,4.8,95830.0,76.3,84.8
19-3034,Master's degree,No experience required,Internship/residency,0.7,3.8,86930.0,67.2,67.7
19-3039,Master's degree,No experience required,Internship/residency,4.3,3.9,117580.0,55.300000000000004,57.7
19-3041,Master's degree,No experience required,No on-the-job training,3.6,0.3,101690.0,3.5,3.6
19-3051,Master's degree,No experience required,No on-the-job training,3.4,3.4,83720.0,44.7,46.2
19-3090,,,,-0.9,,,61.0,60.5
19-3091,Master's degree,No experience required,No on-the-job training,3.7,0.8,64910.0,8.899999999999999,9.2
19-3092,Bachelor's degree,No experience required,No on-the-job training,-3.1,0.1,97200.0,1.5,1.5
19-3093,Master's degree,No experience required,No on-the-job training,2.2,0.3,74050.0,3.4,3.5
19-3094,Master's degree,No experience required,No on-the-job training,-3.1,0.5,139380.0,6.5,6.3
19-3099,Bachelor's degree,No experience required,No on-the-job training,-1.7,3.2,100340.0,40.800000000000004,40.1
19-4000,,,,3.4,,,416.2,430.5
19-4010,,,,4.6,,,38.900000000000006,40.7
19-4012,Associate's degree,No experience required,Moderate-term on-the-job training,4.3,2.9,46790.0,18.599999999999998,19.4
19-4013,Associate's degree,No experience required,Moderate-term on-the-job training,4.8,3.2,49430.0,20.3,21.3
19-4021,Bachelor's degree,No experience required,No on-the-job training,3.5,9.1,52000.0,82.69999999999999,85.6
19-4031,Associate's degree,No experience required,Moderate-term on-the-job training,3.7,6.7,57790.0,56.9,59.0
19-4040,,,,3.2,,,53.4,55.1
19-4042,Associate's degree,No experience required,No on-the-job training,4.0,5.6,49490.0,40.5,42.1
19-4043,Associate's degree,No experience required,Moderate-term on-the-job training,1.5,1.3,48390.0,9.9,10.0
19-4044,Associate's degree,No experience required,Moderate-term on-the-job training,-2.1,0.4,58570.0,3.1,3.0
19-4051,Associate's degree,No experience required,Moderate-term on-the-job training,-7.7,0.7,104240.0,6.0,5.5
19-4061,Bachelor's degree,No experience required,No on-the-job training,4.4,5.2,58040.0,40.5,42.3
19-4071,Associate's degree,No experience required,No on-the-job training,-3.2,3.9,54310.0,33.800000000000004,32.7
19-4090,,,,5.4,,,103.9,109.5
19-4092,Bachelor's degree,No experience required,Moderate-term on-the-job training,12.8,2.9,67440.0,20.7,23.3
19-4099,Associate's degree,No experience required,No on-the-job training,3.5,10.6,60130.0,83.3,86.2
19-5000,,,,11.7,,,163.8,183.0
19-5011,Bachelor's degree,No experience required,No on-the-job training,12.5,14.9,83910.0,131.9,148.4
19-5012,High school diploma or equivalent,No experience required,Moderate-term on-the-job training,8.5,3.4,58440.0,31.900000000000002,34.6
21-1000,,,,7.6,,,2707.5,2913.8
21-1010,,,,10.4,,,1098.6,1212.8
21-1012,Master's degree,No experience required,No on-the-job training,3.5,31.0,65140.0,376.3,389.6
21-1013,Master's degree,No experience required,Internship/residency,12.6,7.7,63780.0,77.9,87.7
21-1015,Master's degree,No experience required,No on-the-job training,1.4,10.0,46110.0,91.9,93.2
21-1018,Master's degree,No experience required,Internship/residency,16.8,48.3,59190.0,483.6,564.6
21-1019,Master's degree,No experience required,No on-the-job training,12.6,7.4,49830.0,69.1,77.8
21-1020,,,,5.5,,,810.9,855.6
21-1021,Bachelor's degree,No experience required,No on-the-job training,3.4,35.1,58570.0,399.90000000000003,413.3
21-1022,Master's degree,No experience required,Internship/residency,7.7,18.4,68090.0,193.29999999999998,208.1
21-1023,Master's degree,No experience required,Internship/residency,9.7,13.5,60060.0,136.79999999999998,150.1
21-1029,Bachelor's degree,No experience required,No on-the-job training,3.9,7.0,69480.0,81.0,84.1
21-1090,,,,5.9,,,798.0,845.4
21-1091,Bachelor's degree,No experience required,No on-the-job training,4.5,7.9,63000.0,71.8,75.0
21-1092,Bachelor's degree,No experience required,Moderate-term on-the-job training,2.6,7.9,64520.0,92.39999999999999,94.8
21-1093,High school diploma or equivalent,No experience required,Short-term on-the-job training,6.4,50.6,45120.0,449.6,478.5
21-1094,High school diploma or equivalent,No experience required,Short-term on-the-job training,11.3,7.8,51030.0,65.1,72.5
21-1099,Bachelor's degree,No experience required,No on-the-job training,4.6,13.1,54940.0,119.2,124.7
21-2000,,,,1.2,,,489.4,495.4
21-2011,Bachelor's degree,No experience required,Moderate-term on-the-job training,1.0,23.0,60820.0,262.0,264.6
21-2021,Bachelor's degree,Less than 5 years,No on-the-job training,2.1,13.8,54840.0,138.9,141.8
21-2099,Bachelor's degree,No experience required,No on-the-job training,0.6,11.1,45120.0,88.4,89.0
23-1000,,,,4.0,,,933.1999999999999,970.4
23-1010,,,,4.1,,,879.3,915.5
23-1011,Doctoral or professional degree,No experience required,No on-the-job training,4.1,31.5,151160.0,864.8000000000001,900.7
23-1012,Doctoral or professional degree,No experience required,No on-the-job training,2.5,1.0,60400.0,14.5,14.9
23-1020,,,,1.8,,,54.0,54.9
23-1021,Doctoral or professional degree,5 years or more,Short-term on-the-job training,-0.7,0.5,115230.0,17.5,17.4
23-1022,Bachelor's degree,Less than 5 years,Moderate-term on-the-job training,4.3,0.3,67710.0,9.1,9.5
23-1023,Doctoral or professional degree,5 years or more,Short-term on-the-job training,2.5,0.9,156210.0,27.3,28.0
23-2000,,,,0.2,,,485.0,486.1
23-2011,Associate's degree,No experience required,No on-the-job training,0.2,39.3,61010.0,376.2,376.8
23-2090,,,,0.5,,,108.8,109.3
23-2093,High school diploma or equivalent,No experience required,Moderate-term on-the-job training,2.0,5.4,54980.0,57.4,58.5
23-2099,Associate's degree,No experience required,No on-the-job training,-1.2,4.7,68760.0,51.300000000000004,50.7
25-1000,,,,5.9,,,1721.1999999999998,1822.1
25-1011,Doctoral or professional degree,No experience required,No on-the-job training,5.7,8.1,97270.0,103.2,109.0
25-1020,,,,3.6,,,103.7,107.4
25-1021,Doctoral or professional degree,No experience required,No on-the-job training,5.3,3.5,96690.0,44.800000000000004,47.2
25-1022,Doctoral or professional degree,No experience required,No on-the-job training,2.3,4.4,79350.0,58.900000000000006,60.2
25-1030,,,,7.0,,,62.0,66.3
25-1031,Doctoral or professional degree,No experience required,No on-the-job training,2.0,0.9,101480.0,11.700000000000001,11.9
25-1032,Doctoral or professional degree,No experience required,No on-the-job training,8.1,4.1,106120.0,50.3,54.4
25-1040,,,,6.8,,,78.3,83.6
25-1041,Doctoral or professional degree,No experience required,No on-the-job training,4.1,0.8,86350.0,10.799999999999999,11.2
25-1042,Doctoral or professional degree,No experience required,No on-the-job training,7.3,5.4,83460.0,66.0,70.8
25-1043,Doctoral or professional degree,No experience required,No on-the-job training,4.0,0.1,100830.0,1.5999999999999999,1.7
25-1050,,,,2.5,,,65.5,67.1
25-1051,Doctoral or professional degree,No experience required,No on-the-job training,2.6,1.0,101390.0,14.0,14.4
25-1052,Doctoral or professional degree,No experience required,No on-the-job training,2.2,1.9,86220.0,25.4,26.0
25-1053,Doctoral or professional degree,No experience required,No on-the-job training,2.9,0.7,87710.0,9.0,9.3
25-1054,Doctoral or professional degree,No experience required,No on-the-job training,2.5,1.3,97360.0,17.1,17.5
25-1060,,,,2.7,,,151.2,155.2
25-1061,Doctoral or professional degree,No experience required,No on-the-job training,2.7,0.5,95770.0,6.5,6.7
25-1062,Doctoral or professional degree,No experience required,No on-the-job training,2.4,1.1,84290.0,14.5,14.8
25-1063,Doctoral or professional degree,No experience required,No on-the-job training,2.1,1.2,119980.0,15.8,16.1
25-1064,Doctoral or professional degree,No experience required,No on-the-job training,3.3,0.3,86730.0,4.1000000000000005,4.2
25-1065,Doctoral or professional degree,No experience required,No on-the-job training,2.0,1.6,94680.0,21.8,22.2
25-1066,Doctoral or professional degree,No experience required,No on-the-job training,3.6,4.0,80330.0,52.5,54.4
25-1067,Doctoral or professional degree,No experience required,No on-the-job training,2.1,1.1,82540.0,15.399999999999999,15.7
25-1069,Doctoral or professional degree,No experience required,No on-the-job training,1.7,1.5,75040.0,20.700000000000003,21.1
25-1070,,,,17.2,,,381.20000000000005,446.6
25-1071,Doctoral or professional degree,Less than 5 years,No on-the-job training,17.3,27.4,105620.0,289.59999999999997,339.7
25-1072,Doctoral or professional degree,Less than 5 years,No on-the-job training,16.8,8.6,79940.0,91.60000000000001,106.9
25-1080,,,,2.2,,,80.1,81.8
25-1081,Doctoral or professional degree,Less than 5 years,No on-the-job training,2.1,5.6,72090.0,74.9,76.5
25-1082,Doctoral or professional degree,No experience required,No on-the-job training,3.0,0.4,78630.0,5.1,5.3
25-1110,,,,2.2,,,62.800000000000004,64.2
25-1111,Doctoral or professional degree,No experience required,No on-the-job training,2.0,1.2,71470.0,16.2,16.5
25-1112,Doctoral or professional degree,Less than 5 years,No on-the-job training,2.2,2.2,126650.0,29.599999999999998,30.2
25-1113,Doctoral or professional degree,No experience required,No on-the-job training,2.3,1.3,76210.0,17.1,17.5
25-1120,,,,0.9,,,309.20000000000005,312.1
25-1121,Master's degree,No experience required,No on-the-job training,1.7,9.0,80190.0,122.7,124.8
25-1122,Doctoral or professional degree,No experience required,No on-the-job training,2.1,2.7,77800.0,35.800000000000004,36.6
25-1123,Doctoral or professional degree,No experience required,No on-the-job training,0.0,5.1,78270.0,72.2,72.2
25-1124,Doctoral or professional degree,No experience required,No on-the-job training,-0.2,1.9,77010.0,26.4,26.4
25-1125,Doctoral or professional degree,No experience required,No on-the-job training,-0.2,1.7,81500.0,24.700000000000003,24.6
25-1126,Doctoral or professional degree,No experience required,No on-the-job training,0.7,2.0,78050.0,27.3,27.5
25-1190,,,,1.4,,,324.2,328.9
25-1192,Doctoral or professional degree,No experience required,No on-the-job training,3.4,0.2,77280.0,3.1999999999999997,3.3
25-1193,Doctoral or professional degree,No experience required,No on-the-job training,2.4,1.1,75890.0,15.299999999999999,15.7
25-1194,Bachelor's degree,Less than 5 years,No on-the-job training,0.7,8.8,61490.0,122.2,123.0
25-1199,Doctoral or professional degree,No experience required,No on-the-job training,1.8,13.5,78490.0,183.4,186.8
25-2000,,,,-1.0,,,4500.099999999999,4453.2
25-2010,,,,3.1,,,672.3,693.3
25-2011,Associate's degree,No experience required,No on-the-job training,4.1,65.5,37120.0,555.2,578.1
25-2012,Bachelor's degree,No experience required,No on-the-job training,-1.6,12.8,61430.0,117.10000000000001,115.2
25-2020,,,,-2.0,,,2070.5,2029.9
25-2021,Bachelor's degree,No experience required,No on-the-job training,-2.0,91.0,62340.0,1422.7,1394.8
25-2022,Bachelor's degree,No experience required,No on-the-job training,-2.0,40.5,62970.0,633.6999999999999,621.3
25-2023,Bachelor's degree,Less than 5 years,No on-the-job training,-2.0,0.9,63620.0,14.100000000000001,13.8
25-2030,,,,-1.6,,,1197.9,1178.2
25-2031,Bachelor's degree,No experience required,No on-the-job training,-1.6,66.2,64580.0,1094.5,1076.7
25-2032,Bachelor's degree,Less than 5 years,No on-the-job training,-1.8,6.2,63910.0,103.4,101.5
25-2050,,,,-1.4,,,559.5,551.8
25-2051,Bachelor's degree,No experience required,No on-the-job training,1.4,2.1,62190.0,29.3,29.7
25-2052,Bachelor's degree,No experience required,No on-the-job training,-1.8,15.4,63000.0,230.2,226.1
25-2057,Bachelor's degree,No experience required,No on-the-job training,-1.9,6.3,64880.0,94.8,93.0
25-2058,Bachelor's degree,No experience required,No on-the-job training,-1.6,11.1,69590.0,164.1,161.5
25-2059,Bachelor's degree,No experience required,No on-the-job training,1.1,2.9,67430.0,41.1,41.5
25-3000,,,,1.4,,,1337.6999999999998,1357.1
25-3011,Bachelor's degree,No experience required,No on-the-job training,-13.7,3.9,59950.0,40.9,35.3
25-3021,High school diploma or equivalent,Less than 5 years,No on-the-job training,3.7,51.4,45590.0,417.5,433.0
25-3031,Bachelor's degree,No experience required,No on-the-job training,1.6,61.1,38470.0,510.1,518.5
25-3041,"Some college, no degree",No experience required,No on-the-job training,0.6,37.1,40090.0,215.5,216.8
25-3099,Bachelor's degree,No experience required,No on-the-job training,-0.1,18.0,64690.0,153.7,153.5
25-4000,,,,-0.3,,,260.8,260.1
25-4010,,,,5.6,,,40.1,42.4
25-4011,Master's degree,No experience required,No on-the-job training,3.8,1.1,61570.0,9.299999999999999,9.7
25-4012,Master's degree,No experience required,No on-the-job training,7.0,1.8,61770.0,15.1,16.2
25-4013,Bachelor's degree,No experience required,No on-the-job training,5.4,1.9,47460.0,15.7,16.5
25-4022,Master's degree,No experience required,No on-the-job training,1.7,13.5,64320.0,142.1,144.5
25-4031,Postsecondary nondegree award,No experience required,No on-the-job training,-6.8,13.0,39970.0,78.60000000000001,73.2
25-9000,,,,-0.5,,,1993.4,1982.9
25-9021,Master's degree,No experience required,No on-the-job training,-2.5,1.1,58120.0,12.4,12.1
25-9031,Master's degree,5 years or more,No on-the-job training,1.3,21.9,74720.0,232.6,235.5
25-9040,,,,-0.9,,,1616.3999999999999,1601.3
25-9044,Bachelor's degree,No experience required,No on-the-job training,3.1,24.6,44930.0,193.6,199.6
25-9045,"Some college, no degree",No experience required,No on-the-job training,-1.5,170.4,35240.0,1422.8,1401.7
25-9099,Bachelor's degree,No experience required,No on-the-job training,1.5,12.5,48400.0,132.0,134.0
27-1000,,,,2.3,,,950.3,971.8
27-1010,,,,2.7,,,244.10000000000002,250.8
27-1011,Bachelor's degree,5 years or more,No on-the-job training,4.2,12.3,111040.0,135.0,140.7
27-1012,No formal educational credential,No experience required,Long-term on-the-job training,2.1,1.0,38480.0,11.700000000000001,11.9
27-1013,Bachelor's degree,No experience required,Long-term on-the-job training,-1.2,2.2,60560.0,26.5,26.2
27-1014,Bachelor's degree,No experience required,No on-the-job training,1.6,5.0,99800.0,57.1,58.0
27-1019,No formal educational credential,No experience required,Long-term on-the-job training,0.8,1.2,72760.0,13.9,14.0
27-1020,,,,2.1,,,706.1,721.0
27-1021,Bachelor's degree,No experience required,No on-the-job training,3.2,2.5,79450.0,30.6,31.6
27-1022,Bachelor's degree,No experience required,No on-the-job training,2.0,2.3,80690.0,25.7,26.2
27-1023,High school diploma or equivalent,No experience required,Moderate-term on-the-job training,-5.9,5.1,36120.0,43.800000000000004,41.2
27-1024,Bachelor's degree,No experience required,No on-the-job training,2.1,20.0,61300.0,265.8,271.5
27-1025,Bachelor's degree,No experience required,No on-the-job training,3.2,7.8,63490.0,87.10000000000001,89.9
27-1026,High school diploma or equivalent,No experience required,Short-term on-the-job training,3.2,20.8,37350.0,193.10000000000002,199.3
27-1027,Bachelor's degree,No experience required,No on-the-job training,2.3,2.5,66280.0,31.3,32.0
27-1029,Bachelor's degree,No experience required,No on-the-job training,2.0,2.2,66220.0,28.599999999999998,29.2
27-2000,,,,4.1,,,854.1,889.4
27-2010,,,,3.8,,,224.0,232.4
27-2011,"Some college, no degree",No experience required,Long-term on-the-job training,0.3,6.3,1.0,56.9,57.1
27-2012,Bachelor's degree,Less than 5 years,No on-the-job training,4.9,12.8,83480.0,166.89999999999998,175.2
27-2020,,,,6.3,,,344.90000000000003,366.6
27-2021,No formal educational credential,No experience required,Long-term on-the-job training,5.5,2.1,62360.0,19.2,20.2
27-2022,Bachelor's degree,No experience required,No on-the-job training,6.4,41.8,45920.0,306.5,326.0
27-2023,High school diploma or equivalent,No experience required,Moderate-term on-the-job training,5.7,4.6,38820.0,19.299999999999997,20.4
27-2030,,,,4.9,,,17.0,17.8
27-2031,No formal educational credential,No experience required,Long-term on-the-job training,4.5,1.8,1.0,12.3,12.9
27-2032,High school diploma or equivalent,5 years or more,Long-term on-the-job training,6.1,0.7,55600.0,4.6000000000000005,4.9
27-2040,,,,0.8,,,217.10000000000002,218.8
27-2041,Bachelor's degree,Less than 5 years,No on-the-job training,-0.3,4.3,63670.0,47.300000000000004,47.2
27-2042,No formal educational credential,No experience required,Long-term on-the-job training,1.1,19.4,1.0,169.79999999999998,171.6
27-2090,,,,5.3,,,51.199999999999996,53.9
27-2091,High school diploma or equivalent,No experience required,Short-term on-the-job training,3.8,1.5,1.0,15.4,16.0
27-2099,No formal educational credential,No experience required,Short-term on-the-job training,6.0,4.4,1.0,35.9,38.0
27-3000,,,,2.4,,,824.3,844.4
27-3011,Bachelor's degree,No experience required,No on-the-job training,-5.5,2.3,45680.0,24.1,22.8
27-3023,Bachelor's degree,No experience required,No on-the-job training,-3.9,4.1,60280.0,49.3,47.4
27-3031,Bachelor's degree,No experience required,No on-the-job training,4.8,27.6,69780.0,316.0,331.0
27-3040,,,,2.0,,,307.59999999999997,313.7
27-3041,Bachelor's degree,Less than 5 years,No on-the-job training,0.6,9.8,75260.0,115.8,116.5
27-3042,Bachelor's degree,Less than 5 years,Short-term on-the-job training,0.9,4.5,91670.0,56.4,56.9
27-3043,Bachelor's degree,No experience required,Long-term on-the-job training,3.6,13.4,72270.0,135.4,140.3
27-3090,,,,1.7,,,127.3,129.5
27-3091,Bachelor's degree,No experience required,No on-the-job training,1.7,6.9,59440.0,75.3,76.6
27-3092,Postsecondary nondegree award,No experience required,Short-term on-the-job training,-0.3,1.7,67310.0,17.7,17.7
27-3099,High school diploma or equivalent,No experience required,Short-term on-the-job training,2.7,3.0,71770.0,34.4,35.3
27-4000,,,,1.7,,,392.29999999999995,398.9
27-4010,,,,1.0,,,146.2,147.7
27-4011,Postsecondary nondegree award,No experience required,Short-term on-the-job training,3.3,7.3,54830.0,92.30000000000001,95.4
27-4012,Associate's degree,No experience required,Short-term on-the-job training,-2.8,1.8,53920.0,24.9,24.2
27-4014,Postsecondary nondegree award,No experience required,Short-term on-the-job training,-1.7,1.2,66430.0,16.900000000000002,16.6
27-4015,Postsecondary nondegree award,No experience required,Short-term on-the-job training,-4.6,0.8,60560.0,12.1,11.5
27-4021,High school diploma or equivalent,No experience required,Moderate-term on-the-job training,1.8,12.7,42520.0,151.2,154.0
27-4030,,,,2.7,,,79.89999999999999,82.1
27-4031,Bachelor's degree,No experience required,No on-the-job training,1.2,2.9,68810.0,36.5,36.9
27-4032,Bachelor's degree,No experience required,No on-the-job training,4.0,3.6,70980.0,43.5,45.2
27-4099,High school diploma or equivalent,No experience required,Short-term on-the-job training,0.6,1.1,67190.0,15.1,15.2
29-1000,,,,7.8,,,6715.200000000001,7241.6
29-1011,Doctoral or professional degree,No experience required,No on-the-job training,9.5,2.8,79000.0,57.2,62.6
29-1020,,,,4.0,,,149.29999999999998,155.2
29-1021,Doctoral or professional degree,No experience required,No on-the-job training,4.1,3.9,172790.0,129.79999999999998,135.2
29-1022,Doctoral or professional degree,No experience required,Internship/residency,4.1,0.2,239200.0,6.1000000000000005,6.4
29-1023,Doctoral or professional degree,No experience required,Internship/residency,4.4,0.2,239200.0,5.9,6.2
29-1024,Doctoral or professional degree,No experience required,Internship/residency,4.5,0.0,239200.0,0.9,0.9
29-1029,Doctoral or professional degree,No experience required,Internship/residency,0.3,0.2,225770.0,6.6,6.6
29-1031,Bachelor's degree,No experience required,Internship/residency,5.5,6.2,73850.0,90.9,95.9
29-1041,Doctoral or professional degree,No experience required,No on-the-job training,8.0,2.4,134830.0,47.800000000000004,51.6
29-1051,Doctoral or professional degree,No experience required,No on-the-job training,4.6,14.2,137480.0,335.1,350.5
29-1071,Master's degree,No experience required,No on-the-job training,20.4,12.0,133260.0,162.60000000000002,195.8
29-1081,Doctoral or professional degree,No experience required,Internship/residency,1.8,0.3,152800.0,9.700000000000001,9.9
29-1120,,,,12.2,,,869.3,975.3
29-1122,Master's degree,No experience required,No on-the-job training,13.8,10.2,98340.0,160.0,182.1
29-1123,Doctoral or professional degree,No experience required,No on-the-job training,10.9,13.2,101020.0,267.09999999999997,296.4
29-1124,Associate's degree,No experience required,No on-the-job training,1.9,0.9,101990.0,19.200000000000003,19.6
29-1125,Bachelor's degree,No experience required,No on-the-job training,3.3,1.3,60280.0,16.1,16.6
29-1126,Associate's degree,No experience required,No on-the-job training,12.1,8.8,80450.0,139.6,156.4
29-1127,Master's degree,No experience required,Internship/residency,15.0,13.3,95410.0,187.3,215.5
29-1128,Bachelor's degree,No experience required,No on-the-job training,9.5,1.7,58160.0,23.8,26.1
29-1129,Bachelor's degree,No experience required,No on-the-job training,11.5,4.1,65010.0,56.1,62.5
29-1131,Doctoral or professional degree,No experience required,No on-the-job training,9.6,3.0,125510.0,86.4,94.7
29-1141,Bachelor's degree,No experience required,No on-the-job training,4.9,189.1,93600.0,3391.0,3557.1
29-1151,Master's degree,No experience required,No on-the-job training,8.6,2.7,223210.0,53.9,58.5
29-1161,Master's degree,No experience required,No on-the-job training,11.1,0.5,128790.0,8.6,9.5
29-1171,Master's degree,No experience required,No on-the-job training,40.1,29.5,129210.0,320.4,448.8
29-1181,Doctoral or professional degree,No experience required,No on-the-job training,9.5,0.7,92120.0,15.8,17.3
29-1210,,,,2.8,,,785.6,807.7
29-1211,Doctoral or professional degree,No experience required,Internship/residency,3.2,1.3,239200.0,45.300000000000004,46.7
29-1212,Doctoral or professional degree,No experience required,Internship/residency,4.1,0.6,239200.0,19.4,20.2
29-1213,Doctoral or professional degree,No experience required,Internship/residency,6.4,0.4,239200.0,10.9,11.6
29-1214,Doctoral or professional degree,No experience required,Internship/residency,2.7,1.0,239200.0,36.1,37.1
29-1215,Doctoral or professional degree,No experience required,Internship/residency,2.7,3.3,238380.0,116.0,119.1
29-1216,Doctoral or professional degree,No experience required,Internship/residency,3.3,2.1,236350.0,73.19999999999999,75.6
29-1217,Doctoral or professional degree,No experience required,Internship/residency,5.4,0.3,239200.0,8.3,8.8
29-1218,Doctoral or professional degree,No experience required,Internship/residency,1.2,0.6,239200.0,21.4,21.7
29-1221,Doctoral or professional degree,No experience required,Internship/residency,0.8,1.2,210130.0,46.4,46.8
29-1222,Doctoral or professional degree,No experience required,Internship/residency,4.2,0.4,239200.0,12.6,13.1
29-1223,Doctoral or professional degree,No experience required,Internship/residency,6.1,0.9,239200.0,27.1,28.8
29-1224,Doctoral or professional degree,No experience required,Internship/residency,2.7,0.8,239200.0,28.2,29.0
29-1229,Doctoral or professional degree,No experience required,Internship/residency,2.5,9.6,239200.0,340.7,349.3
29-1240,,,,4.0,,,53.4,55.5
29-1241,Doctoral or professional degree,No experience required,Internship/residency,4.3,0.3,239200.0,12.6,13.1
29-1242,Doctoral or professional degree,No experience required,Internship/residency,4.1,0.4,239200.0,14.700000000000001,15.3
29-1243,Doctoral or professional degree,No experience required,Internship/residency,1.5,0.0,239200.0,1.1,1.1
29-1249,Doctoral or professional degree,No experience required,Internship/residency,3.9,0.6,239200.0,25.0,26.0
29-1290,,,,6.3,,,278.3,295.7
29-1291,Master's degree,No experience required,No on-the-job training,6.8,0.9,78140.0,15.399999999999999,16.4
29-1292,Associate's degree,No experience required,No on-the-job training,7.0,15.3,94260.0,221.7,237.2
29-1299,Master's degree,No experience required,No on-the-job training,2.0,2.4,113730.0,41.400000000000006,42.2
29-2000,,,,5.8,,,3205.6,3393.0
29-2010,Bachelor's degree,No experience required,No on-the-job training,1.7,22.6,61890.0,351.2,357.2
29-2030,,,,6.1,,,451.5,478.8
29-2031,Associate's degree,No experience required,No on-the-job training,3.0,3.8,67260.0,64.69999999999999,66.6
29-2032,Associate's degree,No experience required,No on-the-job training,13.0,5.8,89340.0,90.0,101.7
29-2033,Associate's degree,No experience required,No on-the-job training,3.0,0.9,97020.0,20.0,20.6
29-2034,Associate's degree,No experience required,No on-the-job training,4.3,12.9,77660.0,228.0,237.8
29-2035,Associate's degree,Less than 5 years,No on-the-job training,7.1,2.6,88180.0,44.1,47.2
29-2036,Bachelor's degree,No experience required,No on-the-job training,3.5,0.2,138110.0,4.7,4.9
29-2040,,,,5.0,,,282.9,297.2
29-2042,Postsecondary nondegree award,No experience required,No on-the-job training,5.1,14.1,41340.0,181.0,190.2
29-2043,Postsecondary nondegree award,Less than 5 years,No on-the-job training,5.0,4.9,58410.0,101.9,107.0
29-2050,,,,9.5,,,994.3000000000001,1088.4
29-2051,Associate's degree,No experience required,No on-the-job training,2.5,4.0,37040.0,30.9,31.7
29-2052,High school diploma or equivalent,No experience required,Moderate-term on-the-job training,6.4,49.0,43460.0,490.29999999999995,521.8
29-2053,Postsecondary nondegree award,Less than 5 years,Short-term on-the-job training,20.0,15.9,42590.0,144.4,173.3
29-2055,Postsecondary nondegree award,No experience required,No on-the-job training,4.5,7.0,62830.0,115.6,120.8
29-2056,Associate's degree,No experience required,No on-the-job training,9.1,14.3,45980.0,134.20000000000002,146.4
29-2057,Postsecondary nondegree award,No experience required,No on-the-job training,19.8,12.5,44080.0,78.80000000000001,94.4
29-2061,Postsecondary nondegree award,No experience required,No on-the-job training,2.6,54.4,62340.0,651.4,668.5
29-2072,Postsecondary nondegree award,No experience required,No on-the-job training,7.1,14.2,50250.0,194.79999999999998,208.6
29-2081,High school diploma or equivalent,No experience required,Long-term on-the-job training,2.9,6.8,46560.0,79.9,82.2
29-2090,,,,6.3,,,199.6,212.2
29-2091,Master's degree,No experience required,Internship/residency,13.3,0.9,78310.0,10.2,11.5
29-2092,High school diploma or equivalent,No experience required,Moderate-term on-the-job training,18.4,1.0,61560.0,10.6,12.6
29-2099,Postsecondary nondegree award,No experience required,No on-the-job training,5.2,13.6,48790.0,178.79999999999998,188.1
29-9000,,,,8.9,,,146.70000000000002,159.8
29-9021,Associate's degree,No experience required,No on-the-job training,14.7,3.2,67310.0,41.9,48.1
29-9090,,,,6.6,,,104.89999999999999,111.8
29-9091,Master's degree,No experience required,No on-the-job training,11.1,2.4,60250.0,33.800000000000004,37.6
29-9092,Master's degree,No experience required,No on-the-job training,9.3,0.3,98910.0,3.9,4.3
29-9093,Postsecondary nondegree award,No experience required,No on-the-job training,5.1,1.6,60290.0,25.3,26.6
29-9099,Postsecondary nondegree award,No experience required,No on-the-job training,3.6,2.6,64030.0,41.6,43.1
31-1100,,,,13.2,,,5881.5,6655.6
31-1120,High school diploma or equivalent,No experience required,Short-term on-the-job training,17.0,765.8,34900.0,4347.7,5087.5
31-1130,,,,2.2,,,1533.8999999999999,1568.1
31-1131,Postsecondary nondegree award,No experience required,No on-the-job training,2.3,204.1,39530.0,1441.4,1474.0
31-1132,High school diploma or equivalent,No experience required,Short-term on-the-job training,3.3,7.8,37700.0,54.0,55.8
31-1133,High school diploma or equivalent,No experience required,Short-term on-the-job training,-0.4,5.3,41590.0,38.4,38.3
31-2000,,,,16.7,,,211.5,246.9
31-2010,,,,17.6,,,54.4,64.0
31-2011,Associate's degree,No experience required,No on-the-job training,19.2,7.2,68340.0,49.2,58.7
31-2012,High school diploma or equivalent,No experience required,Short-term on-the-job training,2.5,0.6,37370.0,5.2,5.3
31-2020,,,,16.4,,,157.1,182.9
31-2021,Associate's degree,No experience required,No on-the-job training,22.0,19.8,65510.0,111.5,136.0
31-2022,High school diploma or equivalent,No experience required,Short-term on-the-job training,2.8,6.6,34520.0,45.6,46.9
31-9000,,,,9.5,,,1889.7,2068.5
31-9011,Postsecondary nondegree award,No experience required,No on-the-job training,15.4,24.7,57950.0,168.0,193.9
31-9090,,,,8.9,,,1721.6999999999998,1874.6
31-9091,Postsecondary nondegree award,No experience required,No on-the-job training,6.4,52.9,47300.0,381.90000000000003,406.3
31-9092,Postsecondary nondegree award,No experience required,No on-the-job training,12.5,112.3,44200.0,811.0,912.2
31-9093,High school diploma or equivalent,No experience required,Moderate-term on-the-job training,10.0,10.9,46490.0,76.60000000000001,84.2
31-9094,Postsecondary nondegree award,No experience required,No on-the-job training,-4.9,7.4,37550.0,44.0,41.8
31-9095,High school diploma or equivalent,No experience required,Short-term on-the-job training,-0.1,6.1,37000.0,41.2,41.1
31-9096,High school diploma or equivalent,No experience required,Short-term on-the-job training,8.7,22.2,37320.0,117.8,128.1
31-9097,Postsecondary nondegree award,No experience required,No on-the-job training,5.6,18.4,43660.0,139.6,147.5
31-9099,High school diploma or equivalent,No experience required,No on-the-job training,3.5,14.4,46050.0,109.7,113.5
33-1000,,,,2.1,,,408.40000000000003,417.1
33-1010,,,,1.4,,,217.9,220.9
33-1011,High school diploma or equivalent,Less than 5 years,No on-the-job training,-2.8,4.3,76310.0,57.1,55.5
33-1012,High school diploma or equivalent,Less than 5 years,Moderate-term on-the-job training,2.9,10.9,105980.0,160.8,165.4
33-1021,Postsecondary nondegree award,Less than 5 years,Moderate-term on-the-job training,3.4,6.5,92430.0,97.1,100.5
33-1090,,,,2.5,,,93.3,95.6
33-1091,High school diploma or equivalent,Less than 5 years,No on-the-job training,2.7,7.0,58610.0,71.89999999999999,73.8
33-1099,High school diploma or equivalent,Less than 5 years,No on-the-job training,1.6,2.1,74960.0,21.5,21.8
33-2000,,,,3.5,,,362.5,375.3
33-2011,Postsecondary nondegree award,No experience required,Long-term on-the-job training,3.4,27.1,59530.0,344.9,356.7
33-2020,,,,5.6,,,17.6,18.6
33-2021,Postsecondary nondegree award,5 years or more,Moderate-term on-the-job training,3.8,1.5,78060.0,14.6,15.2
33-2022,High school diploma or equivalent,Less than 5 years,Moderate-term on-the-job training,14.6,0.3,52380.0,2.9,3.3
33-3000,,,,-0.8,,,1241.7,1232.0
33-3010,,,,-7.5,,,406.5,376.0
33-3011,High school diploma or equivalent,No experience required,Moderate-term on-the-job training,-2.2,1.8,57050.0,19.0,18.6
33-3012,High school diploma or equivalent,No experience required,Moderate-term on-the-job training,-7.8,30.1,57970.0,387.5,357.4
33-3021,High school diploma or equivalent,Less than 5 years,Moderate-term on-the-job training,-0.7,7.8,93580.0,117.89999999999999,117.1
33-3031,Bachelor's degree,No experience required,Moderate-term on-the-job training,-6.0,0.5,68180.0,7.0,6.6
33-3041,High school diploma or equivalent,No experience required,Short-term on-the-job training,-1.5,0.7,47150.0,8.299999999999999,8.2
33-3050,,,,3.1,,,701.9,724.0
33-3051,High school diploma or equivalent,No experience required,Moderate-term on-the-job training,3.1,53.7,76290.0,698.8,720.8
33-3052,High school diploma or equivalent,No experience required,Moderate-term on-the-job training,3.0,0.2,82320.0,3.1,3.2
33-9000,,,,1.0,,,1774.8,1792.2
33-9011,High school diploma or equivalent,No experience required,Moderate-term on-the-job training,3.9,1.3,45830.0,12.2,12.7
33-9021,High school diploma or equivalent,Less than 5 years,Moderate-term on-the-job training,6.0,3.9,52370.0,43.6,46.2
33-9030,,,,0.4,,,1272.4,1277.5
33-9031,High school diploma or equivalent,Less than 5 years,Moderate-term on-the-job training,0.3,1.3,43900.0,10.3,10.3
33-9032,High school diploma or equivalent,No experience required,Short-term on-the-job training,0.4,161.0,38370.0,1262.0,1267.1
33-9090,,,,2.1,,,446.6,455.8
33-9091,No formal educational credential,No experience required,Short-term on-the-job training,3.6,18.0,37700.0,91.4,94.7
33-9092,No formal educational credential,No experience required,Short-term on-the-job training,5.8,42.7,33720.0,149.70000000000002,158.4
33-9093,High school diploma or equivalent,No experience required,Short-term on-the-job training,-6.0,4.7,63360.0,50.1,47.1
33-9094,High school diploma or equivalent,No experience required,Short-term on-the-job training,-2.7,12.6,34980.0,71.5,69.5
33-9099,High school diploma or equivalent,No experience required,Short-term on-the-job training,2.5,23.3,41600.0,84.0,86.1
35-1000,,,,6.2,,,1412.3,1499.3
35-1011,High school diploma or equivalent,5 years or more,No on-the-job training,7.1,24.4,60990.0,197.3,211.3
35-1012,High school diploma or equivalent,Less than 5 years,No on-the-job training,6.0,183.9,42010.0,1215.0,1288.0
35-2000,,,,2.7,,,3707.8,3807.5
35-2010,,,,4.7,,,2805.1,2935.7
35-2011,No formal educational credential,No experience required,Short-term on-the-job training,-13.5,82.1,30160.0,669.5,579.2
35-2012,No formal educational credential,No experience required,Short-term on-the-job training,2.0,69.7,36450.0,466.09999999999997,475.4
35-2013,Postsecondary nondegree award,Less than 5 years,No on-the-job training,5.1,5.3,44530.0,34.3,36.0
35-2014,No formal educational credential,Less than 5 years,Moderate-term on-the-job training,14.9,250.7,36830.0,1460.2,1677.2
35-2015,No formal educational credential,No experience required,Short-term on-the-job training,-5.6,20.6,35620.0,151.1,142.7
35-2019,No formal educational credential,No experience required,Moderate-term on-the-job training,5.5,3.7,36210.0,24.0,25.3
35-2021,No formal educational credential,No experience required,Short-term on-the-job training,-3.4,148.0,34220.0,902.6999999999999,871.8
35-3000,,,,3.8,,,7159.7,7429.5
35-3011,No formal educational credential,No experience required,Short-term on-the-job training,5.9,129.6,33530.0,756.7,801.5
35-3023,No formal educational credential,No experience required,Short-term on-the-job training,6.1,904.3,30480.0,3796.0,4029.2
35-3031,No formal educational credential,No experience required,Short-term on-the-job training,-0.7,456.7,33760.0,2329.8,2313.5
35-3041,No formal educational credential,No experience required,Short-term on-the-job training,3.0,48.0,34460.0,277.1,285.3
35-9000,,,,2.2,,,1525.6,1559.0
35-9011,No formal educational credential,No experience required,Short-term on-the-job training,6.3,99.6,32670.0,527.5,560.6
35-9021,No formal educational credential,No experience required,Short-term on-the-job training,0.2,76.8,33670.0,477.70000000000005,478.6
35-9031,No formal educational credential,No experience required,Short-term on-the-job training,-1.5,107.7,30380.0,429.9,423.5
35-9099,No formal educational credential,No experience required,Short-term on-the-job training,6.4,14.6,34830.0,90.5,96.3
37-1000,,,,2.4,,,494.5,506.4
37-1011,High school diploma or equivalent,Less than 5 years,No on-the-job training,2.5,33.0,47520.0,269.7,276.4
37-1012,High school diploma or equivalent,Less than 5 years,No on-the-job training,2.3,23.2,56170.0,224.8,230.0
37-2000,,,,1.5,,,3924.8999999999996,3984.2
37-2010,,,,1.4,,,3822.6000000000004,3876.8
37-2011,No formal educational credential,No experience required,Short-term on-the-job training,2.0,351.3,35930.0,2447.7,2495.5
37-2012,No formal educational credential,No experience required,Short-term on-the-job training,0.4,193.5,34660.0,1356.8,1362.8
37-2019,No formal educational credential,No experience required,Short-term on-the-job training,2.5,2.6,42360.0,18.0,18.5
37-2021,High school diploma or equivalent,No experience required,Moderate-term on-the-job training,4.9,13.4,44730.0,102.4,107.5
37-3000,,,,3.5,,,1296.3999999999999,1342.3
37-3011,No formal educational credential,No experience required,Short-term on-the-job training,3.6,158.2,38090.0,1192.6,1235.0
37-3012,High school diploma or equivalent,No experience required,Moderate-term on-the-job training,3.8,4.1,45200.0,29.599999999999998,30.7
37-3013,High school diploma or equivalent,No experience required,Short-term on-the-job training,3.3,7.4,50430.0,60.1,62.1
37-3019,No formal educational credential,No experience required,Short-term on-the-job training,2.4,1.9,43410.0,14.2,14.5
39-1000,,,,6.1,,,304.9,323.4
39-1010,,,,5.4,,,155.8,164.3
39-1013,High school diploma or equivalent,Less than 5 years,No on-the-job training,2.0,3.3,61590.0,32.5,33.1
39-1014,High school diploma or equivalent,Less than 5 years,No on-the-job training,6.3,13.4,46900.0,123.3,131.1
39-1022,High school diploma or equivalent,Less than 5 years,No on-the-job training,6.7,16.3,47080.0,149.1,159.1
39-2000,,,,11.4,,,439.4,489.4
39-2011,High school diploma or equivalent,No experience required,Moderate-term on-the-job training,5.1,7.1,38750.0,47.4,49.8
39-2021,High school diploma or equivalent,No experience required,Short-term on-the-job training,12.1,74.6,33470.0,392.0,439.6
39-3000,,,,2.3,,,659.8,674.8
39-3010,,,,-1.0,,,113.0,111.8
39-3011,High school diploma or equivalent,No experience required,Short-term on-the-job training,-0.6,14.1,33280.0,88.69999999999999,88.1
39-3012,High school diploma or equivalent,No experience required,Short-term on-the-job training,-6.1,1.2,30460.0,8.2,7.7
39-3019,High school diploma or equivalent,No experience required,Short-term on-the-job training,-0.6,2.6,34530.0,16.1,16.0
39-3021,No formal educational credential,No experience required,Short-term on-the-job training,-3.7,0.5,38180.0,2.1,2.0
39-3031,No formal educational credential,No experience required,Short-term on-the-job training,1.2,30.8,31150.0,121.69999999999999,123.1
39-3090,,,,3.5,,,423.1,438.0
39-3091,No formal educational credential,No experience required,Short-term on-the-job training,3.4,102.4,30490.0,392.3,405.5
39-3092,High school diploma or equivalent,No experience required,Short-term on-the-job training,5.9,1.8,54810.0,6.699999999999999,7.1
39-3093,High school diploma or equivalent,No experience required,Short-term on-the-job training,6.4,4.2,34800.0,15.600000000000001,16.6
39-3099,High school diploma or equivalent,No experience required,Short-term on-the-job training,3.6,2.2,34550.0,8.5,8.8
39-4000,,,,3.0,,,66.8,68.8
39-4010,,,,2.2,,,6.7,6.9
39-4011,Associate's degree,No experience required,Long-term on-the-job training,1.3,0.6,56280.0,3.7,3.7
39-4012,High school diploma or equivalent,No experience required,Short-term on-the-job training,3.3,0.6,42880.0,3.1,3.2
39-4021,High school diploma or equivalent,No experience required,Short-term on-the-job training,3.1,5.7,34610.0,32.5,33.5
39-4031,Associate's degree,No experience required,Long-term on-the-job training,3.1,3.2,49800.0,27.599999999999998,28.4
39-5000,,,,5.9,,,984.2,1042.4
39-5010,,,,5.4,,,651.3000000000001,686.6
39-5011,Postsecondary nondegree award,No experience required,No on-the-job training,4.1,8.4,38960.0,76.10000000000001,79.2
39-5012,Postsecondary nondegree award,No experience required,No on-the-job training,5.6,75.8,35250.0,575.1999999999999,607.4
39-5090,,,,6.9,,,333.0,355.8
39-5091,Postsecondary nondegree award,No experience required,No on-the-job training,8.1,1.1,50280.0,7.0,7.6
39-5092,Postsecondary nondegree award,No experience required,No on-the-job training,7.0,24.8,34660.0,210.10000000000002,224.8
39-5093,No formal educational credential,No experience required,Short-term on-the-job training,5.5,2.7,31470.0,18.6,19.6
39-5094,Postsecondary nondegree award,No experience required,No on-the-job training,6.7,14.5,41560.0,97.30000000000001,103.9
39-6000,,,,0.7,,,78.1,78.6
39-6011,High school diploma or equivalent,No experience required,Short-term on-the-job training,-1.6,4.6,36020.0,32.5,32.0
39-6012,High school diploma or equivalent,No experience required,Moderate-term on-the-job training,2.3,6.8,37320.0,45.6,46.7
39-7000,,,,8.1,,,55.8,60.3
39-7010,High school diploma or equivalent,No experience required,Moderate-term on-the-job training,8.1,13.0,36660.0,55.8,60.3
39-9000,,,,2.0,,,1875.1000000000001,1912.9
39-9011,High school diploma or equivalent,No experience required,Short-term on-the-job training,-2.9,160.2,32050.0,991.6,962.4
39-9030,,,,8.2,,,697.8,755.3
39-9031,High school diploma or equivalent,No experience required,Short-term on-the-job training,11.9,74.2,46180.0,370.09999999999997,414.2
39-9032,High school diploma or equivalent,No experience required,Short-term on-the-job training,4.1,68.1,35380.0,327.70000000000005,341.1
39-9041,High school diploma or equivalent,No experience required,Short-term on-the-job training,3.8,17.4,39180.0,91.2,94.7
39-9099,High school diploma or equivalent,No experience required,Short-term on-the-job training,6.4,16.1,37900.0,94.4,100.4
41-1000,,,,-4.1,,,1752.6,1680.3
41-1011,High school diploma or equivalent,Less than 5 years,No on-the-job training,-5.0,125.1,47320.0,1432.6,1360.3
41-1012,High school diploma or equivalent,Less than 5 years,No on-the-job training,0.0,24.8,84130.0,320.0,320.0
41-2000,,,,-4.0,,,7796.8,7483.8
41-2010,,,,-9.9,,,3179.7999999999997,2864.7
41-2011,No formal educational credential,No experience required,Short-term on-the-job training,-9.9,542.6,31190.0,3157.2,2843.6
41-2012,No formal educational credential,No experience required,Short-term on-the-job training,-6.4,4.0,34810.0,22.6,21.1
41-2020,,,,3.2,,,680.3,701.9
41-2021,No formal educational credential,No experience required,Short-term on-the-job training,3.2,45.9,38540.0,408.2,421.3
41-2022,No formal educational credential,No experience required,Moderate-term on-the-job training,3.1,30.2,37440.0,272.1,280.6
41-2031,No formal educational credential,No experience required,Short-term on-the-job training,-0.5,555.8,34580.0,3936.7,3917.1
41-3000,,,,2.9,,,2479.4,2550.3
41-3011,High school diploma or equivalent,No experience required,Moderate-term on-the-job training,-6.4,9.3,61460.0,103.69999999999999,97.1
41-3021,High school diploma or equivalent,No experience required,Moderate-term on-the-job training,3.7,47.0,60370.0,568.6999999999999,589.8
41-3031,Bachelor's degree,No experience required,Moderate-term on-the-job training,3.3,38.1,78140.0,514.5,531.6
41-3041,High school diploma or equivalent,No experience required,Moderate-term on-the-job training,2.2,7.1,48450.0,65.8,67.2
41-3091,High school diploma or equivalent,No experience required,Moderate-term on-the-job training,3.1,123.0,66260.0,1226.8,1264.7
41-4000,,,,0.6,,,1613.7,1623.8
41-4011,Bachelor's degree,No experience required,Moderate-term on-the-job training,1.9,27.2,100070.0,303.2,308.9
41-4012,High school diploma or equivalent,No experience required,Moderate-term on-the-job training,0.3,114.8,66780.0,1310.5,1314.9
41-9000,,,,0.7,,,890.1,896.6
41-9010,,,,-0.2,,,85.8,85.7
41-9011,No formal educational credential,No experience required,Short-term on-the-job training,-0.1,14.0,37960.0,79.19999999999999,79.1
41-9012,No formal educational credential,No experience required,No on-the-job training,-0.5,1.2,89990.0,6.7,6.7
41-9020,,,,3.1,,,532.2,548.7
41-9021,High school diploma or equivalent,Less than 5 years,No on-the-job training,3.3,9.7,72280.0,111.3,115.0
41-9022,High school diploma or equivalent,No experience required,Moderate-term on-the-job training,3.1,36.6,56320.0,420.9,433.7
41-9031,Bachelor's degree,No experience required,Moderate-term on-the-job training,5.5,5.0,121520.0,56.8,59.9
41-9041,No formal educational credential,No experience required,Short-term on-the-job training,-22.1,6.5,34410.0,67.4,52.5
41-9090,,,,1.3,,,147.8,149.8
41-9091,No formal educational credential,No experience required,Short-term on-the-job training,-10.0,2.7,34530.0,25.3,22.8
41-9099,High school diploma or equivalent,No experience required,No on-the-job training,3.7,16.0,46370.0,122.6,127.1
43-1000,,,,-0.3,,,1558.3000000000002,1554.4
43-1011,High school diploma or equivalent,Less than 5 years,No on-the-job training,-0.3,144.5,66140.0,1558.3000000000002,1554.4
43-2000,,,,-25.4,,,42.099999999999994,31.4
43-2011,High school diploma or equivalent,No experience required,Short-term on-the-job training,-26.3,2.8,38370.0,36.6,27.0
43-2021,High school diploma or equivalent,No experience required,Short-term on-the-job training,-27.5,0.3,39130.0,4.0,2.9
43-2099,High school diploma or equivalent,No experience required,Short-term on-the-job training,2.5,0.1,49910.0,1.5,1.5
43-3000,,,,-6.7,,,2833.6,2642.5
43-3011,High school diploma or equivalent,No experience required,Moderate-term on-the-job training,-10.5,13.7,46040.0,166.9,149.4
43-3021,High school diploma or equivalent,No experience required,Moderate-term on-the-job training,-0.4,42.2,47170.0,429.79999999999995,427.9
43-3031,"Some college, no degree",No experience required,Moderate-term on-the-job training,-5.8,170.0,49210.0,1613.3999999999999,1519.1
43-3041,High school diploma or equivalent,No experience required,Short-term on-the-job training,-5.0,1.3,36990.0,14.1,13.4
43-3051,High school diploma or equivalent,No experience required,Moderate-term on-the-job training,-16.7,13.0,55290.0,161.2,134.2
43-3061,High school diploma or equivalent,No experience required,Moderate-term on-the-job training,-8.7,4.6,48510.0,62.0,56.6
43-3071,High school diploma or equivalent,No experience required,Short-term on-the-job training,-12.9,29.8,39340.0,347.4,302.5
43-3099,High school diploma or equivalent,No experience required,Short-term on-the-job training,1.4,4.0,52150.0,38.9,39.4
43-4000,,,,-3.8,,,5511.599999999999,5304.2
43-4011,High school diploma or equivalent,No experience required,Moderate-term on-the-job training,-9.5,4.1,62940.0,40.8,36.9
43-4021,High school diploma or equivalent,No experience required,Short-term on-the-job training,-5.6,0.7,46740.0,6.9,6.5
43-4031,High school diploma or equivalent,No experience required,Long-term on-the-job training,3.0,18.5,47700.0,180.4,185.9
43-4041,High school diploma or equivalent,No experience required,Moderate-term on-the-job training,-6.2,1.0,49130.0,12.0,11.3
43-4051,High school diploma or equivalent,No experience required,Short-term on-the-job training,-5.5,341.7,42830.0,2814.0,2660.3
43-4061,High school diploma or equivalent,No experience required,Moderate-term on-the-job training,1.0,14.0,51500.0,166.8,168.5
43-4071,High school diploma or equivalent,No experience required,Short-term on-the-job training,-15.9,7.3,41270.0,84.30000000000001,70.9
43-4081,High school diploma or equivalent,No experience required,Short-term on-the-job training,3.7,43.6,34270.0,264.1,274.0
43-4111,High school diploma or equivalent,No experience required,Short-term on-the-job training,-11.6,15.8,43830.0,164.2,145.1
43-4121,High school diploma or equivalent,No experience required,Short-term on-the-job training,-6.7,12.8,36010.0,84.5,78.9
43-4131,High school diploma or equivalent,No experience required,Short-term on-the-job training,-2.3,13.3,48950.0,177.6,173.5
43-4141,High school diploma or equivalent,No experience required,Moderate-term on-the-job training,-13.2,2.3,46610.0,39.0,33.8
43-4151,"Some college, no degree",No experience required,Short-term on-the-job training,-17.2,8.0,44660.0,89.5,74.1
43-4161,Associate's degree,No experience required,No on-the-job training,-7.1,9.0,49440.0,95.2,88.4
43-4171,High school diploma or equivalent,No experience required,Short-term on-the-job training,0.0,128.5,37230.0,1007.3000000000001,1007.6
43-4181,High school diploma or equivalent,No experience required,Short-term on-the-job training,2.8,14.4,41460.0,131.9,135.6
43-4199,High school diploma or equivalent,No experience required,Short-term on-the-job training,-0.2,17.8,48360.0,153.3,153.0
43-5000,,,,-2.8,,,2492.7,2422.1
43-5011,High school diploma or equivalent,No experience required,Short-term on-the-job training,8.5,8.8,49900.0,100.60000000000001,109.2
43-5021,High school diploma or equivalent,No experience required,Short-term on-the-job training,8.2,27.9,38340.0,247.20000000000002,267.6
43-5030,,,,0.5,,,323.9,325.5
43-5031,High school diploma or equivalent,No experience required,Moderate-term on-the-job training,3.5,10.7,50730.0,105.30000000000001,108.9
43-5032,High school diploma or equivalent,No experience required,Moderate-term on-the-job training,-0.9,18.5,48880.0,218.79999999999998,216.7
43-5041,High school diploma or equivalent,No experience required,Short-term on-the-job training,-12.0,1.3,49180.0,20.099999999999998,17.7
43-5050,,,,-4.6,,,500.0,477.1
43-5051,No formal educational credential,No experience required,Short-term on-the-job training,-3.5,6.1,61630.0,74.19999999999999,71.6
43-5052,No formal educational credential,No experience required,Short-term on-the-job training,-3.5,20.6,57490.0,319.40000000000003,308.1
43-5053,No formal educational credential,No experience required,Short-term on-the-job training,-8.4,7.8,56530.0,106.4,97.5
43-5061,High school diploma or equivalent,No experience required,Moderate-term on-the-job training,-1.8,34.1,57770.0,388.8,381.7
43-5071,High school diploma or equivalent,No experience required,Short-term on-the-job training,-7.7,69.3,43190.0,862.0999999999999,795.8
43-5111,High school diploma or equivalent,No experience required,Short-term on-the-job training,-4.8,5.3,45650.0,49.8,47.4
43-6000,,,,-0.4,,,3453.2000000000003,3440.8
43-6011,High school diploma or equivalent,Less than 5 years,No on-the-job training,-1.6,50.0,74260.0,502.79999999999995,494.9
43-6012,High school diploma or equivalent,No experience required,Moderate-term on-the-job training,-5.8,19.6,54140.0,156.3,147.3
43-6013,High school diploma or equivalent,No experience required,Moderate-term on-the-job training,4.2,85.9,44640.0,850.0,885.3
43-6014,High school diploma or equivalent,No experience required,Short-term on-the-job training,-1.6,202.8,46290.0,1944.0,1913.2
43-9000,,,,-7.7,,,3433.7000000000003,3167.9
43-9020,,,,-28.2,,,181.7,130.5
43-9021,High school diploma or equivalent,No experience required,Short-term on-the-job training,-25.9,9.5,39850.0,141.60000000000002,104.9
43-9022,High school diploma or equivalent,No experience required,Short-term on-the-job training,-36.1,2.2,47850.0,40.0,25.6
43-9031,Associate's degree,No experience required,Short-term on-the-job training,-12.4,0.4,53620.0,5.0,4.4
43-9041,High school diploma or equivalent,No experience required,Moderate-term on-the-job training,-3.7,20.3,48450.0,256.7,247.2
43-9051,High school diploma or equivalent,No experience required,Short-term on-the-job training,-6.6,6.9,38150.0,67.3,62.9
43-9061,High school diploma or equivalent,No experience required,Short-term on-the-job training,-6.7,282.4,43630.0,2646.0,2468.2
43-9071,High school diploma or equivalent,No experience required,Short-term on-the-job training,-15.2,2.8,39020.0,25.5,21.6
43-9081,Bachelor's degree,No experience required,No on-the-job training,-0.6,1.9,49210.0,12.0,11.9
43-9111,Bachelor's degree,No experience required,No on-the-job training,-2.5,0.8,51440.0,6.5,6.3
43-9199,High school diploma or equivalent,No experience required,Short-term on-the-job training,-7.8,21.3,46040.0,232.9,214.8
45-1000,,,,2.5,,,65.4,67.0
45-1011,High school diploma or equivalent,Less than 5 years,No on-the-job training,2.5,8.5,59330.0,65.4,67.0
45-2000,,,,-2.8,,,866.0999999999999,841.8
45-2011,Bachelor's degree,No experience required,Moderate-term on-the-job training,1.5,2.2,50990.0,14.700000000000001,14.9
45-2021,High school diploma or equivalent,No experience required,Short-term on-the-job training,2.4,1.2,52000.0,7.8999999999999995,8.1
45-2041,No formal educational credential,No experience required,Short-term on-the-job training,-5.4,5.1,35430.0,38.9,36.8
45-2090,,,,-2.8,,,804.7,782.1
45-2091,No formal educational credential,No experience required,Moderate-term on-the-job training,7.7,10.5,42580.0,65.3,70.3
45-2092,No formal educational credential,No experience required,Short-term on-the-job training,-3.3,71.7,35690.0,504.90000000000003,488.1
45-2093,No formal educational credential,No experience required,Short-term on-the-job training,-5.0,31.2,36150.0,224.5,213.4
45-2099,No formal educational credential,No experience required,Short-term on-the-job training,2.3,1.5,40390.0,10.100000000000001,10.3
45-3000,,,,-4.6,,,21.9,20.9
45-3031,No formal educational credential,No experience required,Moderate-term on-the-job training,-4.6,2.8,1.0,21.9,20.9
45-4000,,,,-2.8,,,55.0,53.5
45-4011,High school diploma or equivalent,No experience required,Moderate-term on-the-job training,-4.7,2.0,43680.0,10.8,10.3
45-4020,,,,-2.3,,,44.3,43.3
45-4021,High school diploma or equivalent,No experience required,Moderate-term on-the-job training,-7.3,0.7,53900.0,5.6000000000000005,5.2
45-4022,High school diploma or equivalent,No experience required,Moderate-term on-the-job training,-1.4,4.2,49210.0,30.9,30.5
45-4023,High school diploma or equivalent,No experience required,Moderate-term on-the-job training,-0.7,0.6,46710.0,4.6,4.6
45-4029,High school diploma or equivalent,No experience required,Moderate-term on-the-job training,-4.7,0.4,52000.0,3.1,3.0
47-1000,,,,5.3,,,921.6,970.6
47-1011,High school diploma or equivalent,5 years or more,No on-the-job training,5.3,74.4,78690.0,921.6,970.6
47-2000,,,,5.8,,,5752.5,6084.4
47-2011,High school diploma or equivalent,No experience required,Apprenticeship,-2.4,0.8,73340.0,10.299999999999999,10.1
47-2020,,,,2.3,,,86.2,88.2
47-2021,High school diploma or equivalent,No experience required,Apprenticeship,3.2,5.6,60800.0,74.0,76.4
47-2022,High school diploma or equivalent,No experience required,Apprenticeship,-3.0,0.8,51990.0,12.200000000000001,11.8
47-2031,High school diploma or equivalent,No experience required,Apprenticeship,4.5,74.1,59310.0,959.0,1002.1
47-2040,,,,6.0,,,112.3,119.0
47-2041,No formal educational credential,No experience required,Short-term on-the-job training,-9.6,1.1,49850.0,20.2,18.3
47-2042,No formal educational credential,No experience required,Moderate-term on-the-job training,9.5,2.7,54340.0,33.699999999999996,36.9
47-2043,No formal educational credential,No experience required,Moderate-term on-the-job training,2.6,0.4,49150.0,5.7,5.8
47-2044,No formal educational credential,No experience required,Long-term on-the-job training,10.1,4.2,52240.0,52.7,58.0
47-2050,,,,1.7,,,208.20000000000002,211.8
47-2051,No formal educational credential,No experience required,Moderate-term on-the-job training,1.8,14.3,54660.0,206.6,210.4
47-2053,High school diploma or equivalent,No experience required,Apprenticeship,-11.1,0.1,57260.0,1.5,1.3
47-2061,No formal educational credential,No experience required,Short-term on-the-job training,7.3,129.4,46730.0,1456.9,1563.4
47-2070,,,,3.6,,,539.5,559.0
47-2071,High school diploma or equivalent,No experience required,Moderate-term on-the-job training,3.2,4.0,51650.0,47.1,48.6
47-2072,High school diploma or equivalent,No experience required,Moderate-term on-the-job training,4.3,0.3,70510.0,3.1999999999999997,3.3
47-2073,High school diploma or equivalent,No experience required,Moderate-term on-the-job training,3.6,41.9,58710.0,489.3,507.1
47-2080,,,,3.7,,,118.6,123.0
47-2081,No formal educational credential,No experience required,Moderate-term on-the-job training,4.2,7.7,58140.0,103.10000000000001,107.4
47-2082,No formal educational credential,No experience required,Moderate-term on-the-job training,0.1,1.1,64700.0,15.6,15.6
47-2111,High school diploma or equivalent,No experience required,Apprenticeship,9.5,81.0,62350.0,818.7,896.1
47-2121,High school diploma or equivalent,No experience required,Apprenticeship,3.3,5.1,55440.0,60.5,62.5
47-2130,,,,4.2,,,67.4,70.2
47-2131,No formal educational credential,No experience required,Short-term on-the-job training,3.8,3.4,48680.0,40.2,41.7
47-2132,High school diploma or equivalent,No experience required,Apprenticeship,4.7,2.3,57250.0,27.2,28.5
47-2140,,,,3.8,,,344.59999999999997,357.7
47-2141,No formal educational credential,No experience required,Moderate-term on-the-job training,3.8,28.1,48660.0,342.2,355.2
47-2142,No formal educational credential,No experience required,Long-term on-the-job training,5.3,0.2,48260.0,2.4,2.5
47-2150,,,,3.9,,,538.8000000000001,560.1
47-2151,No formal educational credential,No experience required,Short-term on-the-job training,-4.1,2.4,48710.0,34.3,32.9
47-2152,High school diploma or equivalent,No experience required,Apprenticeship,4.5,44.0,62970.0,504.50000000000006,527.2
47-2161,No formal educational credential,No experience required,Long-term on-the-job training,4.1,1.9,56020.0,24.2,25.2
47-2171,High school diploma or equivalent,No experience required,Apprenticeship,4.6,1.5,59280.0,19.400000000000002,20.3
47-2181,No formal educational credential,No experience required,Moderate-term on-the-job training,5.9,12.7,50970.0,166.7,176.5
47-2211,High school diploma or equivalent,No experience required,Apprenticeship,2.4,10.6,60850.0,127.0,130.1
47-2221,High school diploma or equivalent,No experience required,Apprenticeship,4.4,5.5,62700.0,65.69999999999999,68.6
47-2231,High school diploma or equivalent,No experience required,Moderate-term on-the-job training,42.1,4.1,51860.0,28.6,40.6
47-3000,,,,1.8,,,192.1,195.5
47-3011,No formal educational credential,No experience required,Short-term on-the-job training,-10.5,1.4,46480.0,16.1,14.4
47-3012,No formal educational credential,No experience required,Short-term on-the-job training,4.5,2.7,41600.0,25.299999999999997,26.4
47-3013,High school diploma or equivalent,No experience required,Short-term on-the-job training,0.2,6.8,39890.0,66.60000000000001,66.7
47-3014,No formal educational credential,No experience required,Short-term on-the-job training,2.3,0.8,38140.0,7.3999999999999995,7.6
47-3015,High school diploma or equivalent,No experience required,Short-term on-the-job training,4.9,4.9,39270.0,45.3,47.5
47-3016,No formal educational credential,No experience required,Short-term on-the-job training,5.7,0.6,40590.0,5.2,5.5
47-3019,No formal educational credential,No experience required,Short-term on-the-job training,4.4,2.8,40760.0,26.2,27.4
47-4000,,,,2.1,,,489.0,499.4
47-4011,High school diploma or equivalent,5 years or more,Moderate-term on-the-job training,-0.8,14.8,72120.0,147.7,146.5
47-4021,High school diploma or equivalent,No experience required,Apprenticeship,5.0,2.0,106580.0,24.2,25.4
47-4031,No formal educational credential,No experience required,Moderate-term on-the-job training,4.6,2.3,46940.0,26.400000000000002,27.6
47-4041,High school diploma or equivalent,No experience required,Moderate-term on-the-job training,1.0,5.0,48490.0,51.3,51.8
47-4051,High school diploma or equivalent,No experience required,Moderate-term on-the-job training,3.0,12.3,49070.0,159.1,163.9
47-4061,High school diploma or equivalent,No experience required,Moderate-term on-the-job training,1.6,1.1,67370.0,15.100000000000001,15.3
47-4071,High school diploma or equivalent,No experience required,Moderate-term on-the-job training,7.6,2.9,49140.0,30.400000000000002,32.7
47-4090,High school diploma or equivalent,No experience required,Moderate-term on-the-job training,3.5,3.1,48120.0,35.0,36.2
47-5000,,,,-0.3,,,219.5,218.9
47-5010,,,,0.3,,,69.89999999999999,70.1
47-5011,No formal educational credential,Less than 5 years,Short-term on-the-job training,0.5,1.0,62740.0,11.200000000000001,11.3
47-5012,No formal educational credential,Less than 5 years,Moderate-term on-the-job training,0.2,1.2,65010.0,13.4,13.4
47-5013,No formal educational credential,Less than 5 years,Moderate-term on-the-job training,0.4,4.1,57980.0,45.199999999999996,45.4
47-5020,,,,0.7,,,54.0,54.4
47-5022,High school diploma or equivalent,Less than 5 years,Moderate-term on-the-job training,-0.4,3.1,52550.0,35.7,35.6
47-5023,High school diploma or equivalent,Less than 5 years,Long-term on-the-job training,2.9,1.7,59600.0,18.3,18.8
47-5032,High school diploma or equivalent,Less than 5 years,Long-term on-the-job training,-0.9,0.5,59110.0,5.8999999999999995,5.8
47-5040,,,,-8.6,,,27.2,24.9
47-5041,No formal educational credential,No experience required,Moderate-term on-the-job training,0.6,1.6,63380.0,14.9,15.0
47-5043,High school diploma or equivalent,No experience required,Moderate-term on-the-job training,-34.2,0.1,76640.0,2.3,1.5
47-5044,No formal educational credential,No experience required,Short-term on-the-job training,-22.3,0.5,68860.0,6.4,5.0
47-5049,No formal educational credential,No experience required,Moderate-term on-the-job training,-6.1,0.4,67220.0,3.6,3.4
47-5051,No formal educational credential,No experience required,Short-term on-the-job training,4.4,0.4,47460.0,3.3,3.4
47-5071,No formal educational credential,No experience required,Moderate-term on-the-job training,2.5,4.3,47510.0,46.0,47.1
47-5081,High school diploma or equivalent,No experience required,Moderate-term on-the-job training,-1.7,0.7,48400.0,7.0,6.9
47-5099,High school diploma or equivalent,No experience required,Moderate-term on-the-job training,1.4,0.7,50110.0,6.300000000000001,6.4
49-1000,,,,3.1,,,617.4,636.5
49-1011,High school diploma or equivalent,Less than 5 years,No on-the-job training,3.1,52.4,78300.0,617.4,636.5
49-2000,,,,1.3,,,498.5,504.9
49-2011,"Some college, no degree",No experience required,Short-term on-the-job training,-0.9,7.6,46860.0,79.10000000000001,78.4
49-2020,,,,-3.3,,,168.6,163.1
49-2021,Associate's degree,No experience required,Moderate-term on-the-job training,8.6,1.2,64190.0,11.7,12.7
49-2022,Postsecondary nondegree award,No experience required,Moderate-term on-the-job training,-4.2,13.2,62630.0,157.0,150.4
49-2090,,,,5.1,,,250.8,263.5
49-2091,Postsecondary nondegree award,No experience required,No on-the-job training,8.2,1.8,81390.0,21.400000000000002,23.1
49-2092,High school diploma or equivalent,Less than 5 years,Moderate-term on-the-job training,3.4,1.7,53990.0,17.099999999999998,17.7
49-2093,Postsecondary nondegree award,No experience required,Long-term on-the-job training,6.1,0.6,82730.0,7.0,7.4
49-2094,Postsecondary nondegree award,No experience required,Long-term on-the-job training,-0.8,4.7,71300.0,61.2,60.7
49-2095,Postsecondary nondegree award,Less than 5 years,Moderate-term on-the-job training,5.5,2.0,100940.0,23.4,24.7
49-2096,High school diploma or equivalent,No experience required,Moderate-term on-the-job training,-13.6,0.6,47940.0,10.3,8.9
49-2097,Postsecondary nondegree award,No experience required,Short-term on-the-job training,6.6,2.6,50620.0,24.7,26.3
49-2098,High school diploma or equivalent,No experience required,Moderate-term on-the-job training,10.4,9.4,59300.0,86.0,94.9
49-3000,,,,4.0,,,1927.6,2005.5
49-3011,Postsecondary nondegree award,No experience required,No on-the-job training,4.0,11.3,78680.0,139.4,145.0
49-3020,,,,3.7,,,998.6,1035.7
49-3021,High school diploma or equivalent,No experience required,Long-term on-the-job training,1.6,14.6,51680.0,172.6,175.4
49-3022,High school diploma or equivalent,No experience required,Moderate-term on-the-job training,3.6,1.4,47260.0,20.400000000000002,21.1
49-3023,Postsecondary nondegree award,No experience required,Short-term on-the-job training,4.2,70.0,49670.0,805.6,839.2
49-3031,High school diploma or equivalent,No experience required,Long-term on-the-job training,2.4,26.5,60640.0,319.9,327.7
49-3040,,,,6.4,,,245.60000000000002,261.3
49-3041,High school diploma or equivalent,No experience required,Long-term on-the-job training,11.0,3.7,52080.0,39.0,43.3
49-3042,High school diploma or equivalent,No experience required,Long-term on-the-job training,5.8,16.5,63980.0,188.7,199.6
49-3043,High school diploma or equivalent,No experience required,Long-term on-the-job training,2.8,1.5,65680.0,17.9,18.4
49-3050,,,,4.2,,,78.0,81.3
49-3051,High school diploma or equivalent,No experience required,Long-term on-the-job training,6.0,2.6,54950.0,26.2,27.8
49-3052,Postsecondary nondegree award,No experience required,Short-term on-the-job training,5.3,1.5,47200.0,14.899999999999999,15.7
49-3053,High school diploma or equivalent,No experience required,Moderate-term on-the-job training,2.5,3.5,46560.0,36.9,37.8
49-3090,,,,5.8,,,146.2,154.6
49-3091,High school diploma or equivalent,No experience required,Moderate-term on-the-job training,-2.3,1.6,40360.0,13.200000000000001,12.9
49-3092,High school diploma or equivalent,No experience required,Long-term on-the-job training,11.5,2.8,50540.0,19.5,21.7
49-3093,High school diploma or equivalent,No experience required,Short-term on-the-job training,5.7,15.3,37120.0,113.4,119.9
49-9000,,,,5.7,,,3449.2000000000003,3647.3
49-9010,,,,5.1,,,76.1,80.0
49-9011,High school diploma or equivalent,No experience required,Moderate-term on-the-job training,11.4,2.7,51050.0,28.5,31.7
49-9012,High school diploma or equivalent,No experience required,Moderate-term on-the-job training,1.3,3.9,74690.0,47.699999999999996,48.3
49-9021,Postsecondary nondegree award,No experience required,Long-term on-the-job training,8.1,40.1,59810.0,425.2,459.7
49-9031,High school diploma or equivalent,No experience required,Moderate-term on-the-job training,2.6,3.1,49410.0,37.3,38.3
49-9040,,,,12.8,,,539.4,608.4
49-9041,High school diploma or equivalent,No experience required,Long-term on-the-job training,16.1,45.7,63760.0,439.6,510.3
49-9043,High school diploma or equivalent,No experience required,Long-term on-the-job training,-2.8,4.8,60500.0,57.5,55.9
49-9044,High school diploma or equivalent,No experience required,Apprenticeship,0.0,3.6,65170.0,41.3,41.3
49-9045,High school diploma or equivalent,No experience required,Moderate-term on-the-job training,-16.9,0.1,58540.0,1.1,0.9
49-9050,,,,2.4,,,227.2,232.6
49-9051,High school diploma or equivalent,No experience required,Long-term on-the-job training,6.6,10.7,92560.0,127.4,135.8
49-9052,High school diploma or equivalent,No experience required,Long-term on-the-job training,-3.1,8.9,70500.0,99.89999999999999,96.8
49-9060,,,,9.8,,,88.8,97.5
49-9061,High school diploma or equivalent,No experience required,Long-term on-the-job training,-15.1,0.2,49300.0,2.1999999999999997,1.9
49-9062,Associate's degree,No experience required,Moderate-term on-the-job training,12.9,7.3,62630.0,68.0,76.8
49-9063,High school diploma or equivalent,No experience required,Apprenticeship,1.4,0.6,45320.0,6.2,6.3
49-9064,High school diploma or equivalent,No experience required,Long-term on-the-job training,-1.1,0.1,60690.0,1.4,1.4
49-9069,High school diploma or equivalent,No experience required,Long-term on-the-job training,2.0,1.0,67080.0,10.8,11.0
49-9071,High school diploma or equivalent,No experience required,Moderate-term on-the-job training,3.8,159.8,48620.0,1629.6999999999998,1692.1
49-9081,Postsecondary nondegree award,No experience required,Long-term on-the-job training,49.9,2.3,62580.0,13.7,20.5
49-9090,,,,1.6,,,411.79999999999995,418.4
49-9091,High school diploma or equivalent,No experience required,Short-term on-the-job training,-2.9,3.5,47350.0,32.5,31.6
49-9092,Postsecondary nondegree award,No experience required,Moderate-term on-the-job training,8.5,0.4,61130.0,4.1,4.5
49-9094,High school diploma or equivalent,No experience required,Long-term on-the-job training,-8.3,1.7,50490.0,18.8,17.2
49-9095,High school diploma or equivalent,No experience required,Short-term on-the-job training,5.9,0.3,41080.0,3.0999999999999996,3.3
49-9096,High school diploma or equivalent,No experience required,Moderate-term on-the-job training,3.2,2.5,62060.0,24.599999999999998,25.4
49-9097,High school diploma or equivalent,No experience required,Moderate-term on-the-job training,1.7,0.8,83600.0,8.700000000000001,8.8
49-9098,High school diploma or equivalent,No experience required,Short-term on-the-job training,2.3,11.8,38860.0,98.8,101.0
49-9099,High school diploma or equivalent,No experience required,Moderate-term on-the-job training,2.4,21.5,48640.0,221.1,226.5
51-1000,,,,1.2,,,698.6,706.9
51-1011,High school diploma or equivalent,Less than 5 years,No on-the-job training,1.2,67.7,71190.0,698.6,706.9
51-2000,,,,-0.6,,,1885.4,1874.2
51-2011,High school diploma or equivalent,No experience required,Moderate-term on-the-job training,-14.5,2.8,61680.0,33.6,28.7
51-2020,,,,4.1,,,273.59999999999997,284.7
51-2021,High school diploma or equivalent,No experience required,Moderate-term on-the-job training,-6.3,1.2,47260.0,12.3,11.5
51-2028,High school diploma or equivalent,No experience required,Moderate-term on-the-job training,4.6,29.6,44040.0,261.40000000000003,273.3
51-2031,High school diploma or equivalent,No experience required,Moderate-term on-the-job training,-21.1,2.8,52540.0,38.4,30.3
51-2041,High school diploma or equivalent,No experience required,Moderate-term on-the-job training,-16.3,4.1,49900.0,53.8,45.0
51-2051,High school diploma or equivalent,No experience required,Moderate-term on-the-job training,4.2,2.1,45760.0,18.599999999999998,19.4
51-2061,High school diploma or equivalent,No experience required,Moderate-term on-the-job training,-17.5,0.0,40790.0,0.2,0.2
51-2090,High school diploma or equivalent,No experience required,Moderate-term on-the-job training,-0.1,156.3,42210.0,1467.2,1465.9
51-3000,,,,4.5,,,891.2,931.6
51-3011,No formal educational credential,No experience required,Moderate-term on-the-job training,5.6,39.9,36650.0,249.2,263.2
51-3020,,,,3.1,,,359.5,370.5
51-3021,No formal educational credential,No experience required,Long-term on-the-job training,1.0,16.9,38960.0,143.1,144.5
51-3022,No formal educational credential,No experience required,Short-term on-the-job training,5.5,18.4,37700.0,146.8,154.9
51-3023,No formal educational credential,No experience required,Short-term on-the-job training,2.2,8.4,39790.0,69.7,71.2
51-3090,,,,5.4,,,282.59999999999997,297.9
51-3091,No formal educational credential,No experience required,Moderate-term on-the-job training,0.6,2.4,42730.0,20.7,20.8
51-3092,High school diploma or equivalent,No experience required,Moderate-term on-the-job training,6.9,24.2,40790.0,173.5,185.4
51-3093,High school diploma or equivalent,No experience required,Moderate-term on-the-job training,0.6,4.4,40550.0,29.7,29.9
51-3099,No formal educational credential,No experience required,Moderate-term on-the-job training,5.3,6.5,38420.0,58.699999999999996,61.8
51-4000,,,,-3.5,,,1639.4,1581.5
51-4020,,,,-2.8,,,97.2,94.5
51-4021,High school diploma or equivalent,No experience required,Moderate-term on-the-job training,1.2,6.5,46980.0,66.0,66.8
51-4022,High school diploma or equivalent,No experience required,Moderate-term on-the-job training,-18.9,0.6,49240.0,8.9,7.2
51-4023,High school diploma or equivalent,No experience required,Moderate-term on-the-job training,-8.3,1.9,48630.0,22.5,20.6
51-4030,,,,-12.4,,,282.9,247.7
51-4031,High school diploma or equivalent,No experience required,Moderate-term on-the-job training,-12.1,14.4,45590.0,174.7,153.6
51-4032,High school diploma or equivalent,No experience required,Moderate-term on-the-job training,-19.6,0.4,46630.0,5.3,4.3
51-4033,High school diploma or equivalent,No experience required,Moderate-term on-the-job training,-12.0,5.5,45190.0,70.10000000000001,61.7
51-4034,High school diploma or equivalent,No experience required,Moderate-term on-the-job training,-13.6,1.5,48620.0,19.0,16.4
51-4035,High school diploma or equivalent,No experience required,Moderate-term on-the-job training,-14.4,1.1,48310.0,13.8,11.8
51-4041,High school diploma or equivalent,No experience required,Long-term on-the-job training,0.0,29.5,56150.0,299.6,299.6
51-4050,,,,-2.8,,,26.8,26.0
51-4051,High school diploma or equivalent,No experience required,Moderate-term on-the-job training,-2.3,2.0,55770.0,20.8,20.3
51-4052,High school diploma or equivalent,No experience required,Moderate-term on-the-job training,-4.7,0.6,48940.0,6.0,5.7
51-4060,,,,-20.3,,,4.8,3.8
51-4061,High school diploma or equivalent,No experience required,Moderate-term on-the-job training,-18.2,0.3,62700.0,3.2,2.6
51-4062,High school diploma or equivalent,No experience required,Moderate-term on-the-job training,-24.4,0.1,54540.0,1.6,1.2
51-4070,,,,-5.5,,,167.29999999999998,158.2
51-4071,High school diploma or equivalent,No experience required,Moderate-term on-the-job training,-25.9,0.9,45700.0,12.7,9.4
51-4072,High school diploma or equivalent,No experience required,Moderate-term on-the-job training,-3.8,15.9,41230.0,154.60000000000002,148.8
51-4081,High school diploma or equivalent,No experience required,Moderate-term on-the-job training,-0.5,12.8,46060.0,131.0,130.3
51-4111,Postsecondary nondegree award,No experience required,Long-term on-the-job training,-10.8,4.7,63180.0,55.3,49.3
51-4120,,,,1.3,,,496.1,502.5
51-4121,High school diploma or equivalent,No experience required,Moderate-term on-the-job training,2.2,45.6,51000.0,457.3,467.2
51-4122,High school diploma or equivalent,No experience required,Moderate-term on-the-job training,-9.0,3.2,47060.0,38.9,35.4
51-4190,,,,-11.4,,,78.4,69.5
51-4191,High school diploma or equivalent,No experience required,Moderate-term on-the-job training,-12.8,1.2,47450.0,14.8,12.9
51-4192,High school diploma or equivalent,No experience required,Moderate-term on-the-job training,-5.4,0.5,61870.0,5.7,5.4
51-4193,High school diploma or equivalent,No experience required,Moderate-term on-the-job training,-13.6,2.5,41600.0,31.7,27.4
51-4194,High school diploma or equivalent,No experience required,Moderate-term on-the-job training,-7.8,0.5,48970.0,5.9,5.4
51-4199,High school diploma or equivalent,No experience required,Moderate-term on-the-job training,-9.5,1.7,42750.0,20.4,18.5
51-5100,,,,-10.3,,,212.20000000000002,190.4
51-5111,Postsecondary nondegree award,No experience required,No on-the-job training,-14.6,2.8,47300.0,26.1,22.3
51-5112,High school diploma or equivalent,No experience required,Moderate-term on-the-job training,-8.1,13.7,45160.0,150.2,138.0
51-5113,High school diploma or equivalent,No experience required,Moderate-term on-the-job training,-16.1,2.8,39820.0,35.8,30.0
51-6000,,,,-3.2,,,520.7,504.2
51-6011,No formal educational credential,No experience required,Short-term on-the-job training,5.4,31.9,33800.0,202.6,213.5
51-6021,No formal educational credential,No experience required,Short-term on-the-job training,-13.5,2.8,33880.0,28.400000000000002,24.6
51-6031,No formal educational credential,No experience required,Short-term on-the-job training,-10.8,13.0,36000.0,124.0,110.7
51-6040,,,,-3.8,,,13.6,13.1
51-6041,High school diploma or equivalent,No experience required,Moderate-term on-the-job training,-3.8,0.9,35950.0,9.5,9.1
51-6042,High school diploma or equivalent,No experience required,Short-term on-the-job training,-3.7,0.4,38160.0,4.1,3.9
51-6050,,,,-4.8,,,44.2,42.1
51-6051,No formal educational credential,No experience required,Moderate-term on-the-job training,-7.0,0.7,33760.0,5.4,5.0
51-6052,No formal educational credential,No experience required,Moderate-term on-the-job training,-4.5,5.0,40860.0,38.800000000000004,37.1
51-6060,,,,-10.2,,,52.5,47.1
51-6061,High school diploma or equivalent,No experience required,Short-term on-the-job training,-10.1,0.7,37320.0,6.1,5.5
51-6062,High school diploma or equivalent,No experience required,Moderate-term on-the-job training,-11.7,1.0,37940.0,9.299999999999999,8.2
51-6063,High school diploma or equivalent,No experience required,Short-term on-the-job training,-11.2,1.7,38260.0,15.299999999999999,13.6
51-6064,High school diploma or equivalent,No experience required,Moderate-term on-the-job training,-9.0,2.5,37660.0,21.7,19.8
51-6090,,,,-4.0,,,55.300000000000004,53.1
51-6091,High school diploma or equivalent,No experience required,Moderate-term on-the-job training,-1.1,2.0,44980.0,15.2,15.0
51-6092,High school diploma or equivalent,No experience required,Moderate-term on-the-job training,-10.2,0.3,67670.0,2.8,2.5
51-6093,High school diploma or equivalent,No experience required,Moderate-term on-the-job training,-1.8,2.2,46190.0,22.7,22.3
51-6099,High school diploma or equivalent,No experience required,Short-term on-the-job training,-9.4,1.7,37010.0,14.700000000000001,13.3
51-7000,,,,-1.8,,,233.60000000000002,229.3
51-7011,High school diploma or equivalent,No experience required,Moderate-term on-the-job training,-1.6,8.1,46020.0,86.10000000000001,84.7
51-7021,High school diploma or equivalent,No experience required,Short-term on-the-job training,-3.3,2.0,42530.0,20.5,19.8
51-7030,,,,-4.6,,,1.4000000000000001,1.3
51-7031,High school diploma or equivalent,No experience required,Moderate-term on-the-job training,-4.5,0.1,51850.0,0.9,0.9
51-7032,High school diploma or equivalent,No experience required,Moderate-term on-the-job training,-5.0,0.0,52520.0,0.4,0.4
51-7040,,,,-1.3,,,108.0,106.6
51-7041,High school diploma or equivalent,No experience required,Moderate-term on-the-job training,-0.6,4.8,39950.0,45.0,44.7
51-7042,High school diploma or equivalent,No experience required,Moderate-term on-the-job training,-1.8,6.4,40440.0,63.0,61.9
51-7099,High school diploma or equivalent,No experience required,Moderate-term on-the-job training,-4.4,1.8,41220.0,17.6,16.8
51-8000,,,,-5.3,,,297.9,282.0
51-8010,,,,-10.1,,,46.6,41.9
51-8011,High school diploma or equivalent,No experience required,Long-term on-the-job training,-15.3,0.4,122610.0,5.800000000000001,4.9
51-8012,High school diploma or equivalent,No experience required,Long-term on-the-job training,-3.2,0.8,107240.0,9.3,9.0
51-8013,High school diploma or equivalent,No experience required,Long-term on-the-job training,-11.2,2.5,99670.0,31.5,28.0
51-8021,High school diploma or equivalent,No experience required,Long-term on-the-job training,2.2,3.8,75190.0,33.3,34.0
51-8031,High school diploma or equivalent,No experience required,Long-term on-the-job training,-6.5,10.7,58260.0,132.5,123.8
51-8090,,,,-3.8,,,85.5,82.3
51-8091,High school diploma or equivalent,No experience required,Moderate-term on-the-job training,-6.1,1.6,73540.0,18.1,17.0
51-8092,High school diploma or equivalent,No experience required,Long-term on-the-job training,-8.8,1.3,83400.0,16.2,14.8
51-8093,High school diploma or equivalent,No experience required,Moderate-term on-the-job training,-2.8,3.2,97540.0,35.0,34.0
51-8099,High school diploma or equivalent,No experience required,Moderate-term on-the-job training,1.6,1.6,61710.0,16.3,16.6
51-9000,,,,-0.8,,,2622.3,2601.5
51-9010,,,,1.0,,,183.29999999999998,185.2
51-9011,High school diploma or equivalent,No experience required,Moderate-term on-the-job training,3.3,14.4,57090.0,128.79999999999998,133.1
51-9012,High school diploma or equivalent,No experience required,Moderate-term on-the-job training,-4.3,5.4,49500.0,54.3,52.0
51-9020,,,,-7.1,,,141.6,131.5
51-9021,High school diploma or equivalent,No experience required,Moderate-term on-the-job training,-2.5,2.7,46890.0,28.599999999999998,27.9
51-9022,No formal educational credential,No experience required,Moderate-term on-the-job training,-21.2,0.8,41690.0,11.8,9.3
51-9023,High school diploma or equivalent,No experience required,Moderate-term on-the-job training,-6.8,8.8,47680.0,101.1,94.3
51-9030,,,,-4.3,,,56.0,53.6
51-9031,No formal educational credential,No experience required,Short-term on-the-job training,-18.1,0.6,38800.0,7.0,5.7
51-9032,High school diploma or equivalent,No experience required,Moderate-term on-the-job training,-2.3,5.3,45700.0,49.0,47.9
51-9041,High school diploma or equivalent,No experience required,Moderate-term on-the-job training,2.0,5.2,45130.0,57.3,58.4
51-9051,High school diploma or equivalent,No experience required,Moderate-term on-the-job training,3.0,1.9,47010.0,16.5,17.0
51-9061,High school diploma or equivalent,No experience required,Moderate-term on-the-job training,0.0,69.9,47460.0,598.0,598.1
51-9071,High school diploma or equivalent,No experience required,Long-term on-the-job training,-5.5,4.0,49140.0,35.1,33.2
51-9080,,,,-1.1,,,66.7,66.0
51-9081,High school diploma or equivalent,No experience required,Moderate-term on-the-job training,-4.7,3.9,48310.0,35.2,33.6
51-9082,High school diploma or equivalent,No experience required,Moderate-term on-the-job training,3.7,1.5,47060.0,12.0,12.4
51-9083,High school diploma or equivalent,No experience required,Moderate-term on-the-job training,2.3,2.4,38420.0,19.5,20.0
51-9111,High school diploma or equivalent,No experience required,Moderate-term on-the-job training,4.5,45.3,40900.0,381.2,398.2
51-9120,,,,0.7,,,174.29999999999998,175.6
51-9123,No formal educational credential,No experience required,Moderate-term on-the-job training,1.4,0.8,40860.0,8.8,8.9
51-9124,High school diploma or equivalent,No experience required,Moderate-term on-the-job training,0.7,15.8,47590.0,165.5,166.7
51-9141,High school diploma or equivalent,No experience required,Moderate-term on-the-job training,10.9,3.9,51180.0,31.9,35.4
51-9151,High school diploma or equivalent,No experience required,Short-term on-the-job training,-2.6,1.5,40100.0,11.200000000000001,10.9
51-9160,,,,-7.5,,,205.4,190.0
51-9161,High school diploma or equivalent,No experience required,Moderate-term on-the-job training,-10.7,13.5,49970.0,177.1,158.1
51-9162,Postsecondary nondegree award,No experience required,Moderate-term on-the-job training,12.8,3.1,65670.0,28.299999999999997,31.9
51-9190,,,,-2.3,,,663.8,648.4
51-9191,High school diploma or equivalent,No experience required,Moderate-term on-the-job training,1.0,1.3,45210.0,12.200000000000001,12.3
51-9192,High school diploma or equivalent,No experience required,Moderate-term on-the-job training,3.6,1.6,41460.0,14.7,15.2
51-9193,High school diploma or equivalent,No experience required,Moderate-term on-the-job training,7.2,0.8,40160.0,7.1,7.6
51-9194,High school diploma or equivalent,No experience required,Moderate-term on-the-job training,-0.7,0.9,40450.0,8.7,8.6
51-9195,High school diploma or equivalent,No experience required,Long-term on-the-job training,6.2,5.5,45690.0,41.699999999999996,44.3
51-9196,High school diploma or equivalent,No experience required,Moderate-term on-the-job training,-6.3,8.1,49390.0,97.5,91.4
51-9197,High school diploma or equivalent,No experience required,Moderate-term on-the-job training,2.3,2.5,55580.0,20.9,21.4
51-9198,High school diploma or equivalent,No experience required,Short-term on-the-job training,-8.9,23.6,38220.0,168.5,153.5
51-9199,High school diploma or equivalent,No experience required,Moderate-term on-the-job training,0.5,31.6,38820.0,292.8,294.3
53-1000,,,,3.7,,,619.9,643.0
53-1041,High school diploma or equivalent,Less than 5 years,No on-the-job training,5.2,1.1,63940.0,10.3,10.8
53-1047,High school diploma or equivalent,Less than 5 years,No on-the-job training,3.7,61.3,61890.0,609.7,632.2
53-2000,,,,6.0,,,327.2,347.0
53-2010,,,,4.3,,,155.5,162.2
53-2011,Bachelor's degree,Less than 5 years,Moderate-term on-the-job training,3.9,11.7,226600.0,100.0,103.9
53-2012,Postsecondary nondegree award,No experience required,Moderate-term on-the-job training,5.1,6.6,122670.0,55.5,58.3
53-2020,,,,2.5,,,41.0,42.0
53-2021,Associate's degree,No experience required,Long-term on-the-job training,1.2,2.2,144580.0,24.099999999999998,24.4
53-2022,High school diploma or equivalent,No experience required,Long-term on-the-job training,4.2,1.6,56750.0,16.900000000000002,17.6
53-2031,High school diploma or equivalent,Less than 5 years,Moderate-term on-the-job training,9.2,19.8,67130.0,130.8,142.9
53-3000,,,,5.3,,,4852.0,5111.1
53-3011,High school diploma or equivalent,No experience required,Moderate-term on-the-job training,-1.3,1.4,34330.0,12.299999999999999,12.1
53-3030,,,,5.5,,,3766.4,3974.4
53-3031,High school diploma or equivalent,No experience required,Short-term on-the-job training,8.8,51.3,37130.0,451.5,491.3
53-3032,Postsecondary nondegree award,No experience required,Short-term on-the-job training,4.0,237.6,57440.0,2235.1,2324.4
53-3033,High school diploma or equivalent,No experience required,Short-term on-the-job training,7.3,120.2,44140.0,1079.6999999999998,1158.6
53-3050,,,,4.7,,,993.9999999999999,1040.6
53-3051,High school diploma or equivalent,No experience required,Short-term on-the-job training,0.2,61.0,47040.0,387.3,388.2
53-3052,High school diploma or equivalent,No experience required,Moderate-term on-the-job training,4.3,20.9,57440.0,158.79999999999998,165.6
53-3053,No formal educational credential,No experience required,Short-term on-the-job training,6.7,36.3,36670.0,243.9,260.3
53-3054,No formal educational credential,No experience required,Short-term on-the-job training,11.1,22.6,36220.0,204.0,226.6
53-3099,No formal educational credential,No experience required,Short-term on-the-job training,6.0,11.1,36260.0,79.3,84.0
53-4000,,,,1.2,,,89.10000000000001,90.2
53-4010,,,,0.7,,,30.1,30.3
53-4011,High school diploma or equivalent,Less than 5 years,Moderate-term on-the-job training,0.7,2.2,77400.0,27.0,27.2
53-4013,High school diploma or equivalent,No experience required,Moderate-term on-the-job training,0.3,0.2,58030.0,3.1,3.1
53-4022,High school diploma or equivalent,No experience required,Moderate-term on-the-job training,1.0,1.0,65480.0,11.0,11.1
53-4031,High school diploma or equivalent,No experience required,Moderate-term on-the-job training,1.1,3.1,74080.0,36.800000000000004,37.2
53-4041,High school diploma or equivalent,No experience required,Moderate-term on-the-job training,3.4,0.9,84830.0,9.6,9.9
53-4099,High school diploma or equivalent,No experience required,Moderate-term on-the-job training,3.9,0.2,49330.0,1.5,1.6
53-5000,,,,1.3,,,84.30000000000001,85.4
53-5011,No formal educational credential,No experience required,Moderate-term on-the-job training,2.3,3.9,49610.0,32.099999999999994,32.8
53-5020,,,,0.5,,,43.5,43.7
53-5021,Postsecondary nondegree award,Less than 5 years,No on-the-job training,0.5,4.3,85540.0,40.699999999999996,40.9
53-5022,Postsecondary nondegree award,Less than 5 years,No on-the-job training,1.4,0.3,51880.0,2.8,2.8
53-5031,Postsecondary nondegree award,Less than 5 years,No on-the-job training,1.6,1.1,101320.0,8.9,9.0
53-6000,,,,2.0,,,337.40000000000003,344.1
53-6011,High school diploma or equivalent,No experience required,Short-term on-the-job training,-3.3,0.3,58490.0,2.9,2.8
53-6021,No formal educational credential,No experience required,Short-term on-the-job training,3.0,18.5,34600.0,135.8,139.8
53-6030,,,,0.3,,,128.1,128.5
53-6031,No formal educational credential,No experience required,Short-term on-the-job training,-1.0,14.4,34850.0,100.0,99.0
53-6032,High school diploma or equivalent,No experience required,Short-term on-the-job training,5.1,4.3,41540.0,28.1,29.5
53-6041,High school diploma or equivalent,No experience required,Moderate-term on-the-job training,3.7,0.8,58480.0,7.8999999999999995,8.2
53-6051,High school diploma or equivalent,No experience required,Moderate-term on-the-job training,1.7,2.5,85750.0,25.700000000000003,26.1
53-6061,High school diploma or equivalent,No experience required,Short-term on-the-job training,4.7,4.1,37560.0,25.6,26.8
53-6099,High school diploma or equivalent,No experience required,Short-term on-the-job training,3.8,1.2,39630.0,11.5,11.9
53-7000,,,,3.4,,,7894.6,8163.5
53-7011,No formal educational credential,No experience required,Short-term on-the-job training,-3.4,2.6,41230.0,29.1,28.1
53-7021,High school diploma or equivalent,Less than 5 years,Moderate-term on-the-job training,3.0,3.8,66370.0,42.2,43.5
53-7031,High school diploma or equivalent,No experience required,Moderate-term on-the-job training,1.2,0.1,48430.0,1.2,1.2
53-7041,No formal educational credential,No experience required,Short-term on-the-job training,-1.1,0.3,52310.0,2.7,2.7
53-7051,No formal educational credential,No experience required,Short-term on-the-job training,1.1,76.4,46390.0,792.5,801.6
53-7060,,,,3.8,,,6802.099999999999,7059.2
53-7061,No formal educational credential,No experience required,Short-term on-the-job training,3.9,56.2,35270.0,410.2,426.2
53-7062,No formal educational credential,No experience required,Short-term on-the-job training,1.5,384.3,38940.0,2988.7999999999997,3033.1
53-7063,No formal educational credential,No experience required,Short-term on-the-job training,-13.0,4.7,39700.0,46.4,40.4
53-7064,No formal educational credential,No experience required,Short-term on-the-job training,-5.4,74.0,35580.0,591.9000000000001,559.7
53-7065,No formal educational credential,No experience required,Short-term on-the-job training,8.5,472.3,37090.0,2764.8,2999.8
53-7070,,,,-1.7,,,37.300000000000004,36.7
53-7071,High school diploma or equivalent,No experience required,Moderate-term on-the-job training,-1.3,0.6,71510.0,5.3999999999999995,5.3
53-7072,High school diploma or equivalent,No experience required,Moderate-term on-the-job training,2.6,1.5,60020.0,13.2,13.5
53-7073,High school diploma or equivalent,Less than 5 years,Moderate-term on-the-job training,-4.7,2.0,70010.0,18.799999999999997,17.9
53-7081,No formal educational credential,No experience required,Short-term on-the-job training,0.9,16.9,48350.0,147.89999999999998,149.2
53-7121,No formal educational credential,No experience required,Short-term on-the-job training,4.3,1.3,58070.0,12.0,12.5
53-7199,No formal educational credential,No experience required,Short-term on-the-job training,4.3,3.1,41690.0,27.7,28.9
